model,roc_auc,pr_auc,sens_at_95spec,sens_at_90spec,prevalence,roc_auc_sd,pr_auc_sd,sens_at_95spec_sd,name,brier,pr_lo,pr_hi,roc_lo,roc_hi,pr_avg,roc_avg,d_pr_auc_vs_lgbm,d_pr_auc_lo,d_pr_auc_hi,p_pr_auc,d_roc_auc_vs_lgbm,d_roc_auc_lo,d_roc_auc_hi,p_roc_auc,episodes,detected,median_lead,mean_lead,frac_ge1wk
growth,0.6208080471583971,0.33314377220013247,0.1067399685848922,0.2193345708981865,0.22937342373325473,0.0,0.0,0.0,Growth-rate rule,,0.31659279313142547,0.35108606873472403,0.6025116040576268,0.6408613156560861,0.33314377220013247,0.6208080471583971,-0.2814250305146184,-0.3047511787529511,-0.25809827768854743,0.001,-0.21515311775839208,-0.22545460336520798,-0.2038886230750149,0.001,3427.0,0.3813831339363875,0.0,1.1185921958684009,0.09921213889699446
expgrowth,0.6710068885994506,0.3898255369546097,0.17556761387976583,0.3002284735113523,0.22937342373325473,0.0,0.0,0.0,Exponential-growth extrapolation,,0.37418828493572986,0.40916641231599804,0.6491135178536899,0.6936867335049203,0.3898255369546097,0.6710068885994506,-0.2247432657601412,-0.241388271922326,-0.20803115658693183,0.001,-0.1649542763173386,-0.173230903976276,-0.15613586659209538,0.001,3427.0,0.5068573096002335,0.0,2.8347725964306276,0.2506565509191713
chronos,0.7312790612628104,0.42932104340645905,0.18463515636155933,0.3136512923032986,0.22937342373325473,0.0,0.0,0.0,Chronos-Bolt (zero-shot),0.15957071675901882,0.4115534791227172,0.4495691275871517,0.710743637250482,0.7523416468980358,0.42932104340645905,0.7312790612628104,-0.18524775930829185,-0.20594638275827057,-0.16419599544981128,0.001,-0.10468210365397879,-0.11472789053967603,-0.09431219467323457,0.001,3427.0,0.39159614823460753,2.0,4.234724292101341,0.2868398015757222
logreg,0.6960940982325234,0.3934459869040891,0.1643343329049455,0.26712361368937126,0.22937342373325473,0.0012144118216011908,0.001923397753041203,0.004592591281985589,Logistic regression,0.1619913785677478,0.37174320438699965,0.4242074350454069,0.678999389973446,0.714628539589476,0.3955875160321168,0.6975258526935292,-0.2189812866826341,-0.2478950324236742,-0.19154071213676332,0.001,-0.13843531222326,-0.15376094411845634,-0.12376543729867263,0.001,3427.0,0.3119346367084914,3.0,5.096351730589336,0.2573679603151444
rf,0.8317208896758661,0.6033028579396333,0.3374982150506926,0.4804607549145605,0.22937342373325473,0.0006064335586482301,8.930852374225874e-05,0.0013357337522397169,Random forest,0.13009515464548962,0.5814110407339217,0.636503909974673,0.8140222979677423,0.8532365466866553,0.6059548374618033,0.8331331794801304,-0.008613965252947553,-0.011813122955096584,-0.005404329965689935,0.001,-0.002827985436658742,-0.004240824551421199,-0.001436408919902124,0.001,3427.0,0.5757222060110884,2.0,3.8357830714647743,0.3991829588561424
lgbm,0.8342679792604871,0.6111331598798854,0.3450426007901375,0.4886953210528821,0.22937342373325473,0.0005922032880990351,0.0005028534246645484,0.0012288381782498549,LightGBM,0.12898026946869687,0.588817775833801,0.6447884634633875,0.8170002654693107,0.855734752566725,0.6145688027147509,0.8359611649167892,,,,,,,,,3427.0,0.5733878027429239,2.0,3.9170483460559797,0.40939597315436244
cnnlstm_rf,0.8258370302601326,0.5913642150394535,0.3265743252891618,0.468727688133657,0.22937342373325473,0.000866321146511875,0.0015028347237587448,0.002773208517739261,CNN-LSTM-RF (thesis hybrid),0.13190615620763926,0.5732807566027106,0.6288388333094571,0.810172200005244,0.8498048873209495,0.598229546202959,0.8295232583385961,-0.01633925651179191,-0.021929436413699703,-0.010849478112845425,0.001,-0.006437906578193098,-0.008933076044671872,-0.003958108945746769,0.001,3427.0,0.5319521447330027,1.0,3.914426769061986,0.3559964983950977
tabpfn,0.8335132853758745,0.6065252605140015,0.34016373934980243,0.4837450616402494,0.22937342373325473,0.0005363832721906874,0.0010134886542695989,0.0012466848354237311,TabPFN v2,0.12934948457228854,0.5891548020147158,0.643948821889983,0.8178794465320057,0.8570819064265361,0.6139058026865674,0.8371465258695902,-0.0006630000281835358,-0.004715712704947075,0.0034444594774553743,0.746,0.0011853609528009734,-0.0004145260974683623,0.0027909843685729953,0.166,3427.0,0.5570469798657718,2.0,3.9470927187008904,0.38634374088123724
lgbm_chronos,0.8370116762672378,0.6154671107178434,0.34844590413632254,0.49557332571754964,0.22937342373325473,0.0004885235459928977,0.0008441413573387293,0.002305711141850231,LightGBM + Chronos forecast feature,0.1280648143221458,0.5937408566237039,0.6479128381176087,0.820041724751633,0.8578283100786362,0.6188405373388772,0.838724782022549,0.004271734624126333,0.0017297483554381764,0.006915614773916651,0.001,0.002763617105759786,0.0015163931807675695,0.004100718615750357,0.001,3427.0,0.5649255908958273,2.0,3.990702479338843,0.4108549751969653
tft,0.7613845262459286,0.5067334887799751,0.27626255414346235,0.4083250035698986,0.22937342373325473,0.0024750995228632585,0.0011914724530595383,0.0039599958477679964,Temporal Fusion Transformer,0.1468505300230716,0.5024300295409042,0.5442851928472036,0.7571820212610488,0.7898137093593732,0.5227002925664059,0.7731908704255227,-0.09186851014834496,-0.10469329681910905,-0.07907178703762796,0.001,-0.06277029449126648,-0.06968620372046024,-0.05618278434877657,0.001,3427.0,0.46133644587102424,2.0,4.053763440860215,0.31426903997665595
