pr_case,pr_fused,roc_case,roc_fused,lead_mean,frac_earlier,n_eps,det_case,det_fused,seed,advantage_days,sigma
0.9445458950007378,0.9641891619955459,0.9782391658944305,0.9858373935561505,0.4738219895287958,0.39267015706806285,382,0.9555555555555556,0.9432098765432099,0,0,0.1
0.944630967413273,0.9583241647387547,0.9785323898817191,0.9832847790920946,0.32722513089005234,0.3193717277486911,382,0.9482758620689655,0.9507389162561576,0,0,0.3
0.9475193347193566,0.9557123871291849,0.9777076108325087,0.9805954656563933,0.2782152230971129,0.27296587926509186,381,0.9502487562189055,0.9527363184079602,0,0,0.6
0.9407234253624441,0.9465495323257443,0.9760050000756012,0.9779288296033583,0.20053475935828877,0.22192513368983957,374,0.9146341463414634,0.9219512195121952,0,0,1.2
0.9472229891625629,0.9680238484640492,0.9770181472356926,0.9860907887229783,0.5105820105820106,0.4603174603174603,378,0.9310344827586207,0.9433497536945813,0,3,0.1
0.9314150256485928,0.9512895268414019,0.9733869296764706,0.9805174836016651,0.3862433862433862,0.3835978835978836,378,0.9523809523809523,0.9598997493734336,0,3,0.3
0.9301899915667287,0.9465172184506,0.9741928792160139,0.9792741197608895,0.33159268929503916,0.29765013054830286,383,0.941320293398533,0.9486552567237164,0,3,0.6
0.9349547563387005,0.9418440202125133,0.9742687660110311,0.9765783010107654,0.17875647668393782,0.22538860103626943,386,0.9325301204819277,0.946987951807229,0,3,1.2
0.9333790186301654,0.9643334842100421,0.9730927853515763,0.98494673795151,0.7197943444730077,0.4755784061696658,389,0.9382422802850356,0.9453681710213777,0,7,0.1
0.9424281562154986,0.964813467743217,0.976974654596138,0.9848964878490313,0.5326370757180157,0.4490861618798956,383,0.9554455445544554,0.9554455445544554,0,7,0.3
0.9269632797128843,0.9423675157223784,0.9709374553253773,0.9769640464419447,0.22879177377892032,0.2930591259640103,389,0.9265402843601895,0.9383886255924171,0,7,0.6
0.9374926212004177,0.9465133397309312,0.9760655915242629,0.9793435220474142,0.18181818181818182,0.24155844155844156,385,0.9625935162094763,0.9675810473815462,0,7,1.2
0.9239353203461936,0.9667053741139159,0.9692145255044997,0.9859289399549165,0.9366754617414248,0.554089709762533,379,0.9322033898305084,0.9418886198547215,0,14,0.1
0.9467598523477265,0.9676395833024671,0.9783325377724618,0.9865572998324468,0.4489247311827957,0.44623655913978494,372,0.949238578680203,0.9568527918781726,0,14,0.3
0.9396173211017238,0.9551111153079442,0.9753228599569433,0.9815851822977903,0.41818181818181815,0.37142857142857144,385,0.9414634146341463,0.9512195121951219,0,14,0.6
0.9401165300802491,0.9462934386346523,0.9757637273952333,0.9779434562674216,0.17066666666666666,0.24266666666666667,375,0.9567430025445293,0.9567430025445293,0,14,1.2
0.9410205811248356,0.9722768266184612,0.9757645972049296,0.9880126316185518,0.7191601049868767,0.5223097112860893,381,0.9436274509803921,0.9558823529411765,0,21,0.1
0.9474984616658895,0.9713663274594354,0.9779563116651979,0.9880595675732494,0.616,0.5013333333333333,375,0.9448621553884712,0.9573934837092731,0,21,0.3
0.9431980967351487,0.9599885668006412,0.976485357177979,0.9832092884055104,0.25396825396825395,0.34656084656084657,378,0.9451371571072319,0.9526184538653366,0,21,0.6
0.9446891083726924,0.9538389629261332,0.9790700963480949,0.9819181224712255,0.10933333333333334,0.28,375,0.9375,0.9425,0,21,1.2
0.9287647308332492,0.9556040694325184,0.9711246717265937,0.9819809764622259,0.55,0.4473684210526316,380,0.9160671462829736,0.935251798561151,1,0,0.1
0.9370639392168955,0.9495883425927202,0.9755597472740821,0.9800853548314056,0.3026315789473684,0.2894736842105263,380,0.9407407407407408,0.9432098765432099,1,0,0.3
0.936243038737154,0.944950404876411,0.9735520276699176,0.9769617406867154,0.3601036269430052,0.3290155440414508,386,0.9239904988123515,0.9239904988123515,1,0,0.6
0.9446142975725755,0.9487374209555124,0.9776314011328324,0.9787866210397023,0.04736842105263158,0.18947368421052632,380,0.9478908188585607,0.9503722084367245,1,0,1.2
0.9416084158034272,0.964976009411688,0.9753091317950456,0.9849790335276841,0.4661458333333333,0.453125,384,0.9216152019002375,0.9287410926365796,1,3,0.1
0.9305004982107887,0.9517977076324635,0.9725963923451804,0.9805097430769377,0.5906735751295337,0.4430051813471503,386,0.9221698113207547,0.9316037735849056,1,3,0.3
0.9298343651756684,0.9410647096700337,0.971624694402474,0.9757959873602097,0.3448275862068966,0.32360742705570295,377,0.9071428571428571,0.9166666666666666,1,3,0.6
0.9385224066313367,0.944230983602772,0.9766346155679491,0.9783164040230707,-0.007772020725388601,0.18393782383419688,386,0.9512195121951219,0.9512195121951219,1,3,1.2
0.9363075644821535,0.9668226988982005,0.9750377992889748,0.9867939331178358,0.6764705882352942,0.48128342245989303,374,0.9376558603491272,0.9501246882793017,1,7,0.1
0.9308206908352428,0.9554163031930474,0.9721074200035786,0.9816087837811838,0.6037234042553191,0.44680851063829785,376,0.9451371571072319,0.9451371571072319,1,7,0.3
0.9402195541376211,0.9519059443702776,0.9767553462608876,0.9809018014076268,0.43342036553524804,0.3368146214099217,383,0.9388753056234719,0.9462102689486552,1,7,0.6
0.9471620944470052,0.9519878625705739,0.978653902668318,0.9803042459605368,0.0913978494623656,0.2446236559139785,372,0.9496221662468514,0.9420654911838791,1,7,1.2
0.9410593121581319,0.9732442006545254,0.9755468099273096,0.9883284416840118,0.6853333333333333,0.5066666666666667,375,0.928395061728395,0.945679012345679,1,14,0.1
0.9442857118537227,0.9684255632931483,0.9774091084331169,0.9868999423391099,0.6447368421052632,0.4763157894736842,380,0.9481481481481482,0.9481481481481482,1,14,0.3
0.9332403470300004,0.9514371350725614,0.9724432744625223,0.9800201878716942,0.37532133676092544,0.3496143958868895,389,0.9221698113207547,0.9433962264150944,1,14,0.6
0.9351057174087801,0.942206479181725,0.9734819151649099,0.9763320906397241,0.1994750656167979,0.2782152230971129,381,0.9261904761904762,0.9142857142857143,1,14,1.2
0.9377290320176742,0.9719745264999001,0.9748782994478465,0.9881897243643712,0.7926509186351706,0.5459317585301837,381,0.9484029484029484,0.9434889434889435,1,21,0.1
0.9351741126412658,0.9674175476323629,0.9738326840428372,0.985974572315434,0.8010471204188482,0.5026178010471204,382,0.918854415274463,0.9427207637231504,1,21,0.3
0.9428758549464699,0.9609106332215792,0.9784571638418622,0.9845514812396545,0.36,0.33866666666666667,375,0.952020202020202,0.952020202020202,1,21,0.6
0.933681022378765,0.9432832170810842,0.974904127169671,0.9777324878484652,0.19083969465648856,0.2875318066157761,393,0.9211136890951276,0.9234338747099768,1,21,1.2
