,roc_auc,pr_auc,sens_at_95spec,sens_at_90spec,prevalence,brier,pr_auc_sd,d_pr_auc,d_pr_auc_lo,d_pr_auc_hi,p_pr_auc,d_roc_auc,d_roc_auc_lo,d_roc_auc_hi,p_roc_auc,episodes,detected,paired_eps,lead_mean,lead_median,frac_earlier,frac_later,lead_lo,lead_hi,subset,n_rows,n_countries
case,0.8499492452428522,0.6231099206653337,0.38217854625368,0.529999585354729,0.2103183946838291,0.11750514097001823,0.0003182051788493683,,,,,,,,,1966.0,0.5803662258392676,,,,,,,,trends,38223,74
case+trends,0.8535976400760578,0.6292106475538572,0.3930007878260149,0.5385412779367251,0.2103183946838291,0.11639302606644608,0.0009791883144489172,0.006045193101754998,0.0013257535503504142,0.010518964701816864,0.018,0.003597510671126236,0.0018967090346920818,0.005512605345400439,0.002,1966.0,0.582909460834181,1057.0,0.010406811731315043,0.0,0.12582781456953643,0.11542100283822138,-0.08218275188863423,0.10918845663265306,trends,38223,74
trends_only,0.7157966274459276,0.41008142805918074,0.215615540904756,0.32620143467263757,0.2103183946838291,0.14872793190736444,0.002395076339970674,-0.21333031863842106,-0.23648739811497332,-0.18737769439222543,0.001,-0.13338638537144665,-0.15118335745429787,-0.11606463309639778,0.001,1966.0,0.3748728382502543,617.0,-0.5575364667747164,0.0,0.2771474878444084,0.4100486223662885,-0.8983644092343801,-0.2166880382328459,trends,38223,74
case,0.7739554880719086,0.5034886144695193,0.21644120707596257,0.3491733148340848,0.24643131891614667,0.15697147404232506,0.00185667035524501,,,,,,,,,772.0,0.44430051813471505,,,,,,,,ili,11699,60
case+ili,0.7692168786127409,0.4948435930761139,0.2090415076887501,0.34397040120245115,0.24643131891614667,0.15875491220447788,0.005533425569388847,-0.007936392852406549,-0.01576372435377714,-0.0007249676185911881,0.03,-0.004292088990282217,-0.007588776773682512,-0.0008213219864665223,0.016,772.0,0.4261658031088083,304.0,0.19078947368421054,0.0,0.14802631578947367,0.09868421052631579,0.024727337743608087,0.3525687702265372,ili,11699,60
case,0.800010497959161,0.46522900818972834,0.26832260042931616,0.40539711744863544,0.19023451172558628,0.1326103903953465,0.008578424561913827,,,,,,,,,307.0,0.50814332247557,,,,,,,,trends_ili,5714,26
case+trends,0.7980741414389243,0.46753626350171995,0.24808340999693346,0.39650413983440663,0.19023451172558628,0.1341256569011883,0.006922902426524186,0.0034149198566392203,-0.017030483147202177,0.023006428590304905,0.778,-0.001167897956655728,-0.007109745434201032,0.005793139193832095,0.718,307.0,0.46905537459283386,135.0,0.044444444444444446,0.0,0.15555555555555556,0.16296296296296298,-0.2830587808417997,0.35967150017901894,trends_ili,5714,26
case+ili,0.7902004732432273,0.46189803883080865,0.27016252683226005,0.41551671266482676,0.19023451172558628,0.13370152555782766,0.006645339620281421,-0.0030114566667435727,-0.023258243926837476,0.01310255162117943,0.772,-0.009230052237288122,-0.018874953493048047,-0.0012058182181131226,0.02,307.0,0.4755700325732899,131.0,0.2366412213740458,0.0,0.15267175572519084,0.09923664122137404,-0.10094923993839149,0.6024229270021262,trends_ili,5714,26
case+ili+trends,0.7927022880182696,0.4676921009821879,0.2652560564244097,0.3937442502299908,0.19023451172558628,0.1338516082427221,0.0012550653026361324,0.0038370440577930043,-0.021376779404497115,0.026854335595738296,0.762,-0.00686383610140795,-0.017504970284295405,0.0029017389572836938,0.16,307.0,0.46579804560260585,128.0,0.0546875,0.0,0.1640625,0.1796875,-0.3624006545114539,0.5231147540983606,trends_ili,5714,26
