disease,region,countries,country_weeks,base_rate,pr_auc,lo,hi,median_weeks_per_country
flu,Africa,22,8202,0.31565471836137526,0.5225728952942638,0.48035038111128686,0.5665624984820419,324.0
flu,Americas,25,14548,0.20855100357437448,0.5219666731088302,0.4690495424513262,0.5865389154413437,606.0
flu,E. Mediterranean,17,6408,0.23735955056179775,0.5502739045754431,0.4948133816993495,0.6094778671827705,242.0
flu,Europe,44,18994,0.20743392650310624,0.7578283906286861,0.730759288693257,0.7852748358242447,406.5
flu,SE Asia,8,4034,0.255825483391175,0.5351092038402804,0.48656640138565005,0.5800239656301707,556.0
flu,W. Pacific,15,8876,0.21293375394321767,0.5652947992823535,0.4847806253762815,0.6443151844758417,619.0
covid,Africa,26,3534,0.13412563667232597,0.54514400611062,0.4551097088207626,0.6224792093804092,138.5
covid,Americas,24,3695,0.23410013531799728,0.6754884734403606,0.6285913690113404,0.7217234450886174,157.5
covid,E. Mediterranean,16,2400,0.21416666666666667,0.6797684235954417,0.6288165095934958,0.7335371617025697,152.5
covid,Europe,46,7517,0.26726087534920845,0.7976415010819319,0.774495586824322,0.8174099090223281,169.0
covid,SE Asia,10,1700,0.12764705882352942,0.5987777413600623,0.4915215061489431,0.7198733808679793,170.0
covid,W. Pacific,15,2550,0.15215686274509804,0.5908771708683815,0.5355526513164579,0.6439870966915643,170.0
