seed,iso3,start,lead
0,ARE,2021-10-11,0.0
0,ARE,2022-01-03,0.0
0,ARE,2022-05-16,0.0
0,ARE,2023-09-18,0.0
0,ARG,2013-05-13,0.0
0,ARG,2015-07-06,0.0
0,ARG,2016-04-25,0.0
0,ARG,2017-04-17,0.0
0,ARG,2018-07-16,0.0
0,ARG,2019-05-27,0.0
0,ARG,2022-08-15,0.0
0,ARG,2023-05-22,-1.0
0,ARG,2024-04-08,0.0
0,ARG,2025-03-24,0.0
0,ARG,2026-03-09,3.0
0,AUS,2010-07-19,-5.0
0,AUS,2011-06-20,0.0
0,AUS,2011-12-12,0.0
0,AUS,2013-06-17,0.0
0,AUS,2014-12-22,-2.0
0,AUS,2016-06-06,0.0
0,AUS,2017-06-12,0.0
0,AUS,2017-12-11,0.0
0,AUS,2024-05-27,0.0
0,AUT,2010-12-06,0.0
0,AUT,2011-12-12,0.0
0,AUT,2012-11-12,0.0
0,AUT,2013-12-30,1.0
0,AUT,2014-12-08,0.0
0,AUT,2015-11-02,0.0
0,AUT,2016-11-14,0.0
0,AUT,2017-11-20,0.0
0,AUT,2018-12-03,0.0
0,AUT,2019-11-18,0.0
0,AUT,2022-11-21,0.0
0,AUT,2023-11-20,0.0
0,AUT,2024-11-25,0.0
0,AUT,2025-11-03,0.0
0,BEL,2012-01-23,0.0
0,BEL,2012-12-10,0.0
0,BEL,2014-01-27,0.0
0,BEL,2019-01-07,1.0
0,BEL,2022-11-21,0.0
0,BEL,2023-11-20,0.0
0,BGR,2011-01-10,0.0
0,BGR,2012-01-16,0.0
0,BGR,2013-01-21,0.0
0,BGR,2016-01-18,0.0
0,BGR,2016-12-12,0.0
0,BGR,2018-01-08,0.0
0,BGR,2018-11-26,0.0
0,BGR,2022-02-21,0.0
0,BGR,2023-11-27,0.0
0,BGR,2024-01-08,0.0
0,BGR,2024-11-18,-1.0
0,BGR,2025-11-10,0.0
0,BLR,2010-12-06,0.0
0,BLR,2012-02-20,0.0
0,BLR,2012-12-17,0.0
0,BLR,2014-01-13,0.0
0,BLR,2014-12-15,0.0
0,BLR,2015-12-14,0.0
0,BLR,2016-11-07,0.0
0,BLR,2018-01-15,1.0
0,BLR,2018-12-10,0.0
0,BLR,2020-01-27,0.0
0,BLR,2021-11-01,0.0
0,BLR,2022-11-07,0.0
0,BLR,2023-12-04,0.0
0,BLR,2025-01-06,0.0
0,BLR,2025-11-10,0.0
0,BOL,2011-07-04,0.0
0,BOL,2011-08-01,0.0
0,BOL,2012-01-09,-7.0
0,BOL,2012-04-30,0.0
0,BOL,2012-09-10,-2.0
0,BOL,2013-01-21,0.0
0,BOL,2013-04-15,0.0
0,BOL,2014-03-31,0.0
0,BOL,2015-05-04,-1.0
0,BOL,2015-08-03,0.0
0,BOL,2017-02-20,0.0
0,BOL,2017-09-25,0.0
0,BOL,2018-11-12,4.0
0,BOL,2019-04-22,0.0
0,BOL,2019-11-18,-1.0
0,BOL,2022-05-09,0.0
0,BOL,2022-09-26,-1.0
0,BOL,2023-03-20,0.0
0,BOL,2024-01-15,0.0
0,BOL,2025-01-27,0.0
0,BRA,2010-08-23,0.0
0,BRA,2011-10-31,0.0
0,BRA,2011-12-26,-8.0
0,BRA,2012-04-02,0.0
0,BRA,2013-01-28,0.0
0,BRA,2014-04-14,4.0
0,BRA,2014-12-29,0.0
0,BRA,2017-01-09,-1.0
0,BRA,2018-09-17,0.0
0,BRA,2018-10-29,1.0
0,BRA,2019-01-21,0.0
0,BRA,2021-11-15,0.0
0,BRA,2024-01-29,0.0
0,BRA,2025-03-31,0.0
0,CAN,2010-11-08,0.0
0,CAN,2012-01-23,1.0
0,CAN,2012-10-22,1.0
0,CAN,2013-11-18,0.0
0,CAN,2014-10-27,0.0
0,CAN,2015-12-28,0.0
0,CAN,2016-11-14,0.0
0,CAN,2017-10-30,1.0
0,CAN,2018-10-08,0.0
0,CAN,2019-11-04,0.0
0,CAN,2022-03-28,0.0
0,CAN,2022-10-10,0.0
0,CAN,2023-10-23,0.0
0,CAN,2024-12-02,0.0
0,CAN,2025-10-27,0.0
0,CHE,2012-01-16,0.0
0,CHE,2012-03-05,1.0
0,CHE,2014-01-20,0.0
0,CHE,2016-01-11,0.0
0,CHE,2016-12-05,0.0
0,CHE,2017-12-18,0.0
0,CHE,2018-11-19,0.0
0,CHE,2019-01-07,0.0
0,CHE,2020-01-06,2.0
0,CHE,2020-10-26,-1.0
0,CHE,2021-01-25,0.0
0,CHE,2021-03-15,-3.0
0,CHE,2021-09-13,0.0
0,CHE,2022-09-05,0.0
0,CHE,2023-08-28,0.0
0,CHE,2023-10-09,0.0
0,CHE,2024-10-07,3.0
0,CHE,2025-09-15,0.0
0,CHL,2010-07-19,1.0
0,CHL,2013-04-22,-1.0
0,CHL,2017-05-01,0.0
0,CHL,2018-06-18,0.0
0,CHL,2019-04-15,0.0
0,CHL,2021-12-13,0.0
0,CHL,2023-03-13,0.0
0,CHL,2024-03-04,-1.0
0,CHL,2025-03-17,0.0
0,CHL,2026-04-13,-5.0
0,CHN,2011-11-28,0.0
0,CHN,2012-11-19,0.0
0,CHN,2013-11-04,0.0
0,CHN,2014-10-27,0.0
0,CHN,2015-11-30,-2.0
0,CHN,2018-11-12,0.0
0,CHN,2019-10-28,0.0
0,CHN,2021-11-08,0.0
0,CHN,2023-01-23,0.0
0,CHN,2023-10-02,-1.0
0,CHN,2024-11-11,0.0
0,CHN,2025-09-29,0.0
0,COL,2010-05-10,0.0
0,COL,2010-10-25,0.0
0,COL,2011-04-25,0.0
0,COL,2011-11-14,0.0
0,COL,2012-03-12,0.0
0,COL,2012-12-10,0.0
0,COL,2013-02-25,0.0
0,COL,2014-02-03,1.0
0,COL,2016-04-11,0.0
0,COL,2018-03-12,0.0
0,COL,2019-06-10,0.0
0,COL,2019-10-28,0.0
0,COL,2021-11-29,0.0
0,COL,2024-12-30,0.0
0,COL,2025-11-24,3.0
0,CRI,2010-03-15,0.0
0,CRI,2011-10-17,0.0
0,CRI,2012-08-13,9.0
0,CRI,2013-04-29,-5.0
0,CRI,2013-10-14,0.0
0,CRI,2014-06-16,0.0
0,CRI,2015-08-31,0.0
0,CRI,2015-11-16,0.0
0,CRI,2016-09-19,6.0
0,CRI,2017-05-01,0.0
0,CRI,2018-08-13,-1.0
0,CRI,2019-01-07,0.0
0,CRI,2019-07-29,0.0
0,CRI,2023-04-17,-1.0
0,CRI,2025-01-06,0.0
0,CRI,2025-10-27,0.0
0,CZE,2016-01-11,0.0
0,CZE,2016-11-28,0.0
0,CZE,2018-01-08,0.0
0,CZE,2020-01-06,0.0
0,CZE,2022-11-07,0.0
0,CZE,2023-11-27,0.0
0,CZE,2024-11-25,-2.0
0,CZE,2025-11-10,0.0
0,DEU,2010-11-22,0.0
0,DEU,2012-01-09,0.0
0,DEU,2012-11-12,0.0
0,DEU,2013-11-18,0.0
0,DEU,2013-12-23,0.0
0,DEU,2014-02-24,0.0
0,DEU,2014-11-24,-2.0
0,DEU,2015-11-30,1.0
0,DEU,2016-10-31,0.0
0,DEU,2017-11-20,0.0
0,DEU,2018-12-10,0.0
0,DEU,2019-11-04,0.0
0,DEU,2021-12-06,0.0
0,DEU,2022-01-10,0.0
0,DEU,2022-02-21,0.0
0,DEU,2022-09-12,6.0
0,DEU,2023-11-20,0.0
0,DEU,2024-11-18,0.0
0,DEU,2025-10-06,0.0
0,DNK,2010-11-08,0.0
0,DNK,2012-01-16,0.0
0,DNK,2012-11-19,0.0
0,DNK,2013-01-14,0.0
0,DNK,2014-01-06,0.0
0,DNK,2014-12-22,0.0
0,DNK,2015-12-28,0.0
0,DNK,2016-11-14,-1.0
0,DNK,2017-11-20,0.0
0,DNK,2018-11-12,0.0
0,DNK,2019-11-25,0.0
0,DNK,2020-01-06,0.0
0,DNK,2022-02-07,0.0
0,DNK,2022-11-14,0.0
0,DNK,2023-01-09,0.0
0,DNK,2023-11-13,0.0
0,DNK,2024-11-18,0.0
0,DNK,2025-11-03,0.0
0,DNK,2025-12-29,0.0
0,DOM,2010-07-12,0.0
0,DOM,2011-09-05,3.0
0,DOM,2013-07-01,0.0
0,DOM,2016-01-25,0.0
0,DOM,2016-11-28,3.0
0,DOM,2018-02-05,0.0
0,DOM,2022-02-14,-1.0
0,DOM,2022-10-10,0.0
0,DOM,2023-10-30,0.0
0,DOM,2024-04-08,0.0
0,DOM,2025-01-06,0.0
0,DOM,2025-05-19,0.0
0,DOM,2025-06-30,0.0
0,DOM,2025-09-01,0.0
0,DOM,2025-11-10,3.0
0,DZA,2010-11-29,0.0
0,DZA,2011-11-28,0.0
0,DZA,2013-11-18,0.0
0,DZA,2014-10-13,0.0
0,DZA,2015-12-14,0.0
0,DZA,2017-11-13,0.0
0,DZA,2021-11-22,0.0
0,DZA,2023-11-13,0.0
0,DZA,2024-12-02,0.0
0,DZA,2025-11-17,0.0
0,ECU,2011-11-07,0.0
0,ECU,2012-05-07,0.0
0,ECU,2012-12-03,0.0
0,ECU,2013-02-25,0.0
0,ECU,2014-05-05,0.0
0,ECU,2014-10-27,0.0
0,ECU,2015-04-27,0.0
0,ECU,2015-08-31,-1.0
0,ECU,2015-10-12,0.0
0,ECU,2015-11-16,-4.0
0,ECU,2016-11-28,0.0
0,ECU,2017-06-12,0.0
0,ECU,2017-11-06,0.0
0,ECU,2018-08-27,0.0
0,ECU,2019-10-21,1.0
0,ECU,2021-11-15,0.0
0,ECU,2022-10-17,0.0
0,ECU,2023-09-18,-2.0
0,ECU,2024-05-13,0.0
0,ECU,2025-09-15,0.0
0,EGY,2010-09-20,0.0
0,EGY,2011-09-12,0.0
0,EGY,2012-09-03,0.0
0,EGY,2012-10-22,0.0
0,EGY,2013-09-09,-7.0
0,EGY,2013-11-11,0.0
0,EGY,2015-07-13,-5.0
0,EGY,2015-10-26,2.0
0,EGY,2016-07-25,0.0
0,EGY,2017-10-09,0.0
0,EGY,2017-11-13,0.0
0,EGY,2018-10-15,3.0
0,EGY,2021-11-15,0.0
0,EGY,2023-08-28,0.0
0,EGY,2024-10-21,0.0
0,ESP,2010-10-18,0.0
0,ESP,2011-10-24,0.0
0,ESP,2012-11-12,0.0
0,ESP,2013-11-04,0.0
0,ESP,2014-11-03,-1.0
0,ESP,2016-01-11,0.0
0,ESP,2016-10-17,3.0
0,ESP,2017-10-02,0.0
0,ESP,2018-11-12,0.0
0,ESP,2019-11-04,0.0
0,ESP,2022-02-07,0.0
0,ESP,2023-11-06,0.0
0,ESP,2024-12-02,0.0
0,ESP,2025-10-20,0.0
0,FRA,2010-11-15,0.0
0,FRA,2011-12-26,-3.0
0,FRA,2012-11-26,0.0
0,FRA,2013-12-30,0.0
0,FRA,2014-12-01,0.0
0,FRA,2015-12-28,-1.0
0,FRA,2016-11-14,0.0
0,FRA,2017-11-13,0.0
0,FRA,2018-12-03,0.0
0,FRA,2019-11-25,0.0
0,FRA,2022-11-14,-1.0
0,FRA,2023-11-27,0.0
0,FRA,2024-11-18,-1.0
0,FRA,2025-11-10,-1.0
0,GRC,2012-01-09,0.0
0,GRC,2013-01-14,0.0
0,GRC,2016-11-28,0.0
0,GRC,2017-11-27,2.0
0,GRC,2018-12-10,0.0
0,GRC,2020-01-06,0.0
0,GRC,2022-10-24,0.0
0,GRC,2023-11-06,1.0
0,GRC,2024-11-04,0.0
0,GRC,2025-10-06,2.0
0,GTM,2012-01-23,0.0
0,GTM,2013-01-07,0.0
0,GTM,2013-02-25,0.0
0,GTM,2013-05-06,0.0
0,GTM,2014-02-17,0.0
0,GTM,2014-05-26,-7.0
0,GTM,2014-09-29,1.0
0,GTM,2016-02-01,0.0
0,GTM,2017-01-09,0.0
0,GTM,2018-02-05,0.0
0,GTM,2019-05-20,0.0
0,GTM,2020-02-17,0.0
0,GTM,2022-08-15,0.0
0,GTM,2023-01-09,-4.0
0,GTM,2023-08-21,0.0
0,GTM,2024-04-29,1.0
0,GTM,2024-07-01,0.0
0,GTM,2025-01-13,0.0
0,GTM,2025-03-17,0.0
0,GTM,2025-10-20,0.0
0,GTM,2025-11-17,0.0
0,HND,2010-01-25,0.0
0,HND,2010-05-24,2.0
0,HND,2010-11-08,0.0
0,HND,2011-02-14,0.0
0,HND,2011-05-02,0.0
0,HND,2011-08-29,0.0
0,HND,2012-03-05,1.0
0,HND,2012-05-14,0.0
0,HND,2012-10-01,0.0
0,HND,2013-06-03,0.0
0,HND,2013-08-12,0.0
0,HND,2014-04-28,0.0
0,HND,2014-09-22,1.0
0,HND,2015-09-28,0.0
0,HND,2017-04-24,0.0
0,HND,2018-01-08,0.0
0,HND,2018-11-19,0.0
0,HND,2019-02-18,-1.0
0,HND,2019-06-10,-3.0
0,HND,2022-10-03,0.0
0,HND,2023-02-27,-4.0
0,HND,2025-01-27,0.0
0,HND,2025-10-06,0.0
0,HRV,2012-01-16,0.0
0,HRV,2013-12-23,0.0
0,HRV,2014-01-27,0.0
0,HRV,2014-12-15,1.0
0,HRV,2016-01-04,0.0
0,HRV,2016-12-05,0.0
0,HRV,2017-12-11,0.0
0,HRV,2021-08-30,0.0
0,HRV,2021-11-22,0.0
0,HRV,2022-11-14,0.0
0,HRV,2023-11-20,0.0
0,HRV,2024-11-25,0.0
0,HRV,2025-10-27,0.0
0,HUN,2010-11-29,0.0
0,HUN,2012-01-02,0.0
0,HUN,2013-01-14,0.0
0,HUN,2014-01-13,0.0
0,HUN,2016-01-25,0.0
0,HUN,2017-11-27,0.0
0,HUN,2018-01-15,0.0
0,HUN,2020-01-13,0.0
0,HUN,2022-11-21,0.0
0,HUN,2023-01-16,0.0
0,HUN,2023-11-20,0.0
0,HUN,2024-01-08,0.0
0,HUN,2024-11-11,0.0
0,HUN,2025-11-10,0.0
0,HUN,2026-01-12,0.0
0,IDN,2010-01-25,2.0
0,IDN,2010-06-21,-2.0
0,IDN,2011-03-21,-3.0
0,IDN,2011-10-10,1.0
0,IDN,2013-09-02,4.0
0,IDN,2013-10-14,0.0
0,IDN,2014-11-24,-2.0
0,IDN,2016-09-05,2.0
0,IDN,2016-10-31,0.0
0,IDN,2018-07-16,1.0
0,IDN,2019-08-12,0.0
0,IDN,2022-07-25,0.0
0,IDN,2023-05-29,0.0
0,IDN,2023-08-07,-1.0
0,IDN,2023-10-16,0.0
0,IDN,2024-08-12,0.0
0,IND,2011-01-10,0.0
0,IND,2011-05-09,0.0
0,IND,2013-11-11,1.0
0,IND,2014-02-17,3.0
0,IND,2014-03-24,0.0
0,IND,2014-05-12,0.0
0,IND,2014-07-21,0.0
0,IND,2014-12-15,0.0
0,IND,2015-06-29,0.0
0,IND,2016-01-18,0.0
0,IND,2016-06-27,0.0
0,IND,2016-08-08,0.0
0,IND,2016-09-05,0.0
0,IND,2016-10-17,0.0
0,IND,2016-12-19,-3.0
0,IND,2017-12-11,0.0
0,IND,2018-08-06,0.0
0,IND,2018-11-12,0.0
0,IND,2020-02-03,0.0
0,IND,2021-07-12,0.0
0,IND,2022-06-27,0.0
0,IND,2023-07-17,0.0
0,IND,2025-07-14,0.0
0,IRL,2010-11-15,0.0
0,IRL,2011-12-05,0.0
0,IRL,2012-01-09,-1.0
0,IRL,2012-11-12,0.0
0,IRL,2013-01-21,0.0
0,IRL,2013-12-09,0.0
0,IRL,2014-12-08,0.0
0,IRL,2015-11-23,0.0
0,IRL,2016-11-07,-1.0
0,IRL,2017-11-13,0.0
0,IRL,2018-11-26,0.0
0,IRL,2019-10-21,0.0
0,IRL,2022-01-17,0.0
0,IRL,2022-10-10,0.0
0,IRL,2023-10-30,0.0
0,IRL,2024-10-28,0.0
0,IRL,2025-09-29,1.0
0,IRN,2010-02-08,0.0
0,IRN,2010-03-22,0.0
0,IRN,2010-10-25,1.0
0,IRN,2011-10-10,0.0
0,IRN,2012-10-22,0.0
0,IRN,2013-11-04,0.0
0,IRN,2013-12-23,0.0
0,IRN,2014-11-10,0.0
0,IRN,2015-09-07,-1.0
0,IRN,2016-10-24,-1.0
0,IRN,2017-08-28,0.0
0,IRN,2017-11-06,0.0
0,IRN,2018-10-15,0.0
0,IRN,2019-09-09,0.0
0,IRN,2021-09-20,0.0
0,IRN,2022-08-22,2.0
0,IRN,2023-08-14,0.0
0,IRN,2024-10-14,0.0
0,IRN,2025-10-13,1.0
0,IRQ,2011-02-14,0.0
0,IRQ,2015-01-12,0.0
0,IRQ,2017-01-23,0.0
0,IRQ,2017-12-18,-1.0
0,IRQ,2021-11-15,1.0
0,IRQ,2024-10-14,-2.0
0,IRQ,2025-09-29,0.0
0,ISR,2010-10-11,0.0
0,ISR,2011-12-05,0.0
0,ISR,2012-11-19,0.0
0,ISR,2013-12-16,0.0
0,ISR,2014-12-22,0.0
0,ISR,2015-11-16,0.0
0,ISR,2016-12-05,0.0
0,ISR,2017-11-06,0.0
0,ISR,2018-10-22,0.0
0,ISR,2019-11-04,0.0
0,ISR,2021-11-08,0.0
0,ISR,2022-11-07,0.0
0,ISR,2023-01-23,0.0
0,ISR,2023-12-18,0.0
0,ISR,2024-11-18,0.0
0,ISR,2025-10-20,0.0
0,ITA,2010-11-22,0.0
0,ITA,2011-12-05,0.0
0,ITA,2012-11-19,0.0
0,ITA,2013-01-07,0.0
0,ITA,2013-11-18,1.0
0,ITA,2014-11-03,0.0
0,ITA,2015-11-30,1.0
0,ITA,2016-11-21,0.0
0,ITA,2017-11-20,0.0
0,ITA,2018-12-03,0.0
0,ITA,2019-11-18,1.0
0,ITA,2022-01-31,0.0
0,ITA,2023-11-20,1.0
0,ITA,2024-11-25,2.0
0,ITA,2025-10-20,0.0
0,JOR,2012-01-23,-1.0
0,JOR,2012-12-03,0.0
0,JOR,2013-11-04,0.0
0,JOR,2016-11-07,0.0
0,JOR,2018-11-05,0.0
0,JOR,2018-12-31,0.0
0,JOR,2021-11-15,-1.0
0,JOR,2022-10-24,0.0
0,JOR,2022-12-19,0.0
0,JOR,2023-10-23,0.0
0,JOR,2024-10-07,0.0
0,JOR,2025-10-13,0.0
0,KAZ,2011-01-10,0.0
0,KAZ,2011-12-12,-1.0
0,KAZ,2012-12-10,0.0
0,KAZ,2013-12-16,0.0
0,KAZ,2014-12-01,0.0
0,KAZ,2015-10-26,0.0
0,KAZ,2016-10-17,1.0
0,KAZ,2017-12-25,5.0
0,KAZ,2018-11-19,0.0
0,KAZ,2019-11-04,0.0
0,KAZ,2022-09-12,0.0
0,KAZ,2023-10-30,0.0
0,KAZ,2024-11-04,0.0
0,KAZ,2025-09-22,0.0
0,KEN,2010-06-14,0.0
0,KEN,2011-09-26,0.0
0,KEN,2012-01-30,0.0
0,KEN,2012-08-13,0.0
0,KEN,2014-02-03,2.0
0,KEN,2016-09-05,-4.0
0,KEN,2018-01-29,0.0
0,KEN,2018-03-12,0.0
0,KEN,2018-09-10,-1.0
0,KEN,2019-03-18,0.0
0,KEN,2019-06-10,1.0
0,KEN,2019-09-09,-6.0
0,KEN,2020-01-13,0.0
0,KEN,2020-10-12,0.0
0,KEN,2021-01-18,0.0
0,KEN,2021-05-03,5.0
0,KEN,2022-04-18,0.0
0,KEN,2022-09-05,4.0
0,KEN,2023-05-01,4.0
0,KEN,2023-11-06,0.0
0,KEN,2024-07-08,0.0
0,KEN,2025-01-27,0.0
0,KEN,2025-06-30,0.0
0,KEN,2025-09-15,-1.0
0,KEN,2026-01-19,0.0
0,KEN,2026-04-06,0.0
0,KOR,2010-11-08,0.0
0,KOR,2011-11-21,0.0
0,KOR,2012-12-03,0.0
0,KOR,2013-11-25,0.0
0,KOR,2014-12-01,-1.0
0,KOR,2015-12-07,0.0
0,KOR,2016-11-07,0.0
0,KOR,2017-11-06,0.0
0,KOR,2018-10-22,0.0
0,KOR,2019-10-28,0.0
0,KOR,2022-10-17,0.0
0,KOR,2023-04-10,0.0
0,KOR,2024-11-11,0.0
0,KOR,2025-09-08,0.0
0,KWT,2017-09-04,0.0
0,KWT,2018-08-20,0.0
0,KWT,2024-11-04,0.0
0,KWT,2025-07-28,1.0
0,KWT,2026-03-02,0.0
0,LBN,2015-12-21,0.0
0,LBN,2016-02-08,0.0
0,LBN,2016-03-07,0.0
0,LBN,2017-01-16,0.0
0,LBN,2017-12-25,0.0
0,LBN,2019-01-14,0.0
0,LBN,2021-10-11,-7.0
0,LBN,2023-07-10,1.0
0,LBN,2023-10-23,0.0
0,LBN,2024-12-16,0.0
0,LBN,2025-10-13,2.0
0,LTU,2018-12-10,0.0
0,LTU,2022-10-31,0.0
0,LTU,2023-10-30,0.0
0,LTU,2024-11-04,0.0
0,LTU,2025-11-03,0.0
0,MAR,2010-12-13,0.0
0,MAR,2011-11-28,0.0
0,MAR,2016-01-11,0.0
0,MAR,2017-02-13,0.0
0,MAR,2017-10-23,1.0
0,MAR,2018-12-17,0.0
0,MAR,2021-12-13,0.0
0,MAR,2022-11-28,0.0
0,MAR,2023-11-20,0.0
0,MAR,2024-12-02,0.0
0,MAR,2025-10-13,1.0
0,MEX,2011-11-14,0.0
0,MEX,2012-08-27,0.0
0,MEX,2013-07-29,0.0
0,MEX,2013-10-21,0.0
0,MEX,2014-11-10,0.0
0,MEX,2015-11-30,0.0
0,MEX,2016-11-28,0.0
0,MEX,2017-11-06,0.0
0,MEX,2018-05-28,0.0
0,MEX,2019-09-16,0.0
0,MEX,2019-11-11,0.0
0,MEX,2021-10-25,0.0
0,MEX,2024-11-04,0.0
0,MEX,2025-11-10,0.0
0,MYS,2010-03-01,0.0
0,MYS,2010-08-09,-1.0
0,MYS,2010-11-22,0.0
0,MYS,2013-10-21,0.0
0,MYS,2014-04-28,0.0
0,MYS,2014-06-16,0.0
0,MYS,2016-01-18,1.0
0,MYS,2016-07-04,0.0
0,MYS,2016-12-05,0.0
0,MYS,2018-09-17,0.0
0,MYS,2018-11-05,0.0
0,MYS,2021-11-01,-3.0
0,MYS,2021-12-20,0.0
0,MYS,2022-05-09,2.0
0,MYS,2025-08-18,0.0
0,NGA,2011-01-03,0.0
0,NGA,2011-08-22,0.0
0,NGA,2012-02-20,-3.0
0,NGA,2012-07-23,0.0
0,NGA,2013-01-28,0.0
0,NGA,2013-11-04,1.0
0,NGA,2014-05-19,0.0
0,NGA,2015-04-27,0.0
0,NGA,2021-05-24,1.0
0,NGA,2025-01-20,0.0
0,NLD,2010-11-22,0.0
0,NLD,2011-09-26,0.0
0,NLD,2012-01-16,0.0
0,NLD,2012-11-26,0.0
0,NLD,2013-10-21,0.0
0,NLD,2013-12-30,0.0
0,NLD,2014-09-22,0.0
0,NLD,2014-11-17,-4.0
0,NLD,2015-11-02,0.0
0,NLD,2015-12-28,0.0
0,NLD,2016-10-24,1.0
0,NLD,2017-11-20,-2.0
0,NLD,2019-01-14,1.0
0,NLD,2020-02-03,0.0
0,NLD,2022-11-28,0.0
0,NLD,2023-11-13,0.0
0,NLD,2024-09-30,0.0
0,NLD,2025-01-13,0.0
0,NLD,2025-10-06,0.0
0,NOR,2010-11-08,0.0
0,NOR,2011-11-28,0.0
0,NOR,2012-01-09,0.0
0,NOR,2012-11-19,0.0
0,NOR,2013-12-30,2.0
0,NOR,2014-12-01,0.0
0,NOR,2015-11-30,0.0
0,NOR,2016-10-31,0.0
0,NOR,2017-11-20,0.0
0,NOR,2018-11-26,0.0
0,NOR,2019-11-25,1.0
0,NOR,2020-01-13,0.0
0,NOR,2022-02-21,1.0
0,NOR,2022-11-07,0.0
0,NOR,2023-11-13,0.0
0,NOR,2024-11-25,0.0
0,NOR,2025-10-27,0.0
0,NZL,2016-05-09,0.0
0,NZL,2016-06-13,0.0
0,NZL,2018-05-07,0.0
0,NZL,2018-07-09,0.0
0,NZL,2023-02-06,0.0
0,NZL,2023-06-05,0.0
0,NZL,2023-11-20,3.0
0,NZL,2024-02-12,-1.0
0,NZL,2024-05-06,0.0
0,NZL,2024-12-09,0.0
0,NZL,2025-02-17,-11.0
0,NZL,2026-02-02,-2.0
0,NZL,2026-03-30,0.0
0,PAK,2010-10-25,-1.0
0,PAK,2011-12-12,0.0
0,PAK,2012-01-30,-1.0
0,PAK,2012-12-03,0.0
0,PAK,2013-02-04,0.0
0,PAK,2013-03-25,0.0
0,PAK,2013-08-19,0.0
0,PAK,2014-01-06,0.0
0,PAK,2014-02-10,0.0
0,PAK,2015-01-19,-1.0
0,PAK,2015-11-30,0.0
0,PAK,2019-11-25,0.0
0,PAK,2020-01-06,2.0
0,PAK,2021-01-18,0.0
0,PAK,2022-10-31,0.0
0,PAK,2023-10-30,0.0
0,PAK,2024-11-18,0.0
0,PAK,2025-10-13,0.0
0,PAN,2010-05-31,0.0
0,PAN,2011-07-04,-2.0
0,PAN,2012-11-05,0.0
0,PAN,2013-04-01,0.0
0,PAN,2014-04-21,0.0
0,PAN,2014-11-10,0.0
0,PAN,2016-02-01,0.0
0,PAN,2016-03-21,0.0
0,PAN,2016-11-28,0.0
0,PAN,2017-04-03,0.0
0,PAN,2018-10-08,0.0
0,PAN,2019-04-15,-1.0
0,PAN,2019-11-18,0.0
0,PAN,2020-02-03,-2.0
0,PAN,2022-01-17,0.0
0,PAN,2023-10-30,0.0
0,PAN,2024-03-11,0.0
0,PAN,2025-01-13,4.0
0,PAN,2025-02-24,0.0
0,PAN,2025-10-20,2.0
0,PER,2010-04-19,0.0
0,PER,2010-12-27,0.0
0,PER,2011-02-14,2.0
0,PER,2011-04-18,0.0
0,PER,2011-10-10,0.0
0,PER,2011-11-28,0.0
0,PER,2012-02-20,0.0
0,PER,2012-05-28,0.0
0,PER,2012-10-15,0.0
0,PER,2013-02-18,0.0
0,PER,2013-04-01,1.0
0,PER,2013-05-27,-2.0
0,PER,2014-04-14,0.0
0,PER,2015-12-21,-2.0
0,PER,2017-04-17,0.0
0,PER,2017-08-21,0.0
0,PER,2018-11-19,0.0
0,PER,2019-01-07,-1.0
0,PER,2019-02-18,-1.0
0,PER,2019-06-03,0.0
0,PER,2019-07-22,0.0
0,PER,2019-09-16,-3.0
0,PER,2019-11-25,0.0
0,PER,2020-02-10,6.0
0,PER,2021-11-22,0.0
0,PER,2022-02-14,0.0
0,PER,2022-10-24,0.0
0,PER,2023-03-20,0.0
0,PHL,2010-04-26,4.0
0,PHL,2011-05-16,0.0
0,PHL,2012-06-18,0.0
0,PHL,2013-04-22,10.0
0,PHL,2014-02-24,0.0
0,PHL,2019-06-03,3.0
0,PHL,2019-08-12,0.0
0,PHL,2020-01-13,0.0
0,PHL,2021-06-07,4.0
0,PHL,2022-01-03,-1.0
0,PHL,2022-07-11,0.0
0,PHL,2023-04-17,3.0
0,PHL,2024-06-03,0.0
0,PHL,2025-04-07,0.0
0,POL,2010-11-15,0.0
0,POL,2012-03-26,0.0
0,POL,2012-11-19,0.0
0,POL,2013-12-02,1.0
0,POL,2015-01-05,0.0
0,POL,2015-11-23,0.0
0,POL,2016-11-21,0.0
0,POL,2017-11-13,0.0
0,POL,2019-01-07,0.0
0,POL,2019-12-02,0.0
0,POL,2022-02-21,0.0
0,POL,2022-11-21,0.0
0,POL,2023-10-09,0.0
0,POL,2024-09-16,0.0
0,POL,2024-10-28,0.0
0,POL,2025-11-03,0.0
0,PRT,2013-11-04,0.0
0,PRT,2014-10-27,0.0
0,PRT,2015-11-09,0.0
0,PRT,2016-10-10,0.0
0,PRT,2017-11-06,0.0
0,PRT,2018-11-19,0.0
0,PRT,2019-10-07,0.0
0,PRT,2022-02-07,0.0
0,PRT,2023-10-30,0.0
0,PRT,2024-11-11,0.0
0,PRT,2025-10-20,0.0
0,PRY,2010-06-14,3.0
0,PRY,2010-08-23,0.0
0,PRY,2012-01-30,0.0
0,PRY,2012-08-20,0.0
0,PRY,2013-05-13,0.0
0,PRY,2013-11-18,0.0
0,PRY,2014-05-19,0.0
0,PRY,2015-04-20,0.0
0,PRY,2016-04-18,-3.0
0,PRY,2017-02-20,2.0
0,PRY,2018-06-04,0.0
0,PRY,2019-04-22,0.0
0,PRY,2021-11-29,0.0
0,PRY,2022-09-19,1.0
0,PRY,2023-04-17,0.0
0,PRY,2024-04-01,0.0
0,PRY,2025-03-10,0.0
0,ROU,2010-12-13,0.0
0,ROU,2011-12-05,0.0
0,ROU,2013-01-07,0.0
0,ROU,2014-01-20,0.0
0,ROU,2015-01-05,0.0
0,ROU,2015-12-14,0.0
0,ROU,2018-11-26,0.0
0,ROU,2019-11-18,0.0
0,ROU,2022-02-14,2.0
0,ROU,2023-11-27,1.0
0,RUS,2010-11-22,0.0
0,RUS,2012-01-30,0.0
0,RUS,2012-12-24,0.0
0,RUS,2013-12-09,0.0
0,RUS,2014-01-20,0.0
0,RUS,2014-11-24,0.0
0,RUS,2015-11-30,0.0
0,RUS,2016-11-07,0.0
0,RUS,2018-01-08,0.0
0,RUS,2018-12-03,0.0
0,RUS,2019-11-25,1.0
0,RUS,2021-11-01,0.0
0,RUS,2022-10-31,0.0
0,RUS,2023-11-06,0.0
0,RUS,2024-12-30,0.0
0,RUS,2025-10-20,0.0
0,SAU,2017-07-17,0.0
0,SAU,2018-09-17,0.0
0,SAU,2018-11-05,0.0
0,SAU,2019-07-15,0.0
0,SAU,2021-10-18,0.0
0,SAU,2022-09-05,-4.0
0,SAU,2023-08-28,0.0
0,SAU,2024-09-23,0.0
0,SAU,2025-09-01,-1.0
0,SGP,2011-04-18,4.0
0,SGP,2012-10-01,0.0
0,SGP,2013-04-22,0.0
0,SGP,2015-10-26,0.0
0,SGP,2018-04-23,0.0
0,SGP,2018-09-03,0.0
0,SGP,2022-06-06,0.0
0,SGP,2023-12-04,0.0
0,SGP,2026-04-13,0.0
0,SLV,2010-05-10,0.0
0,SLV,2011-02-21,-13.0
0,SLV,2011-07-04,0.0
0,SLV,2012-03-05,0.0
0,SLV,2012-04-16,0.0
0,SLV,2013-04-15,0.0
0,SLV,2013-08-26,0.0
0,SLV,2014-05-12,0.0
0,SLV,2014-10-27,-1.0
0,SLV,2015-02-23,0.0
0,SLV,2015-05-04,0.0
0,SLV,2015-07-06,0.0
0,SLV,2015-09-07,8.0
0,SLV,2016-02-15,0.0
0,SLV,2017-04-24,0.0
0,SLV,2018-01-15,0.0
0,SLV,2018-09-24,0.0
0,SLV,2023-06-12,3.0
0,SLV,2023-08-14,0.0
0,SLV,2024-04-22,-3.0
0,SLV,2024-09-23,0.0
0,SLV,2025-04-07,0.0
0,SLV,2025-06-02,0.0
0,SLV,2025-10-27,0.0
0,SRB,2016-02-01,0.0
0,SRB,2019-12-16,0.0
0,SRB,2022-12-05,0.0
0,SRB,2023-01-02,0.0
0,SRB,2023-11-27,0.0
0,SRB,2024-11-11,0.0
0,SRB,2025-11-24,0.0
0,SVK,2013-01-14,0.0
0,SVK,2014-02-10,0.0
0,SVK,2015-01-05,0.0
0,SVK,2015-03-09,0.0
0,SVK,2016-01-25,0.0
0,SVK,2016-11-28,0.0
0,SVK,2018-01-08,0.0
0,SVK,2019-01-14,0.0
0,SVK,2020-01-13,0.0
0,SVK,2022-02-28,-1.0
0,SVK,2023-11-20,0.0
0,SVK,2024-10-07,1.0
0,SVK,2025-09-29,0.0
0,SWE,2010-11-15,-1.0
0,SWE,2011-12-05,1.0
0,SWE,2012-01-02,0.0
0,SWE,2012-11-19,0.0
0,SWE,2013-11-18,0.0
0,SWE,2014-01-13,0.0
0,SWE,2014-12-01,0.0
0,SWE,2015-10-26,1.0
0,SWE,2016-10-24,0.0
0,SWE,2017-11-27,1.0
0,SWE,2018-11-19,0.0
0,SWE,2019-11-25,0.0
0,SWE,2020-01-13,0.0
0,SWE,2021-11-15,0.0
0,SWE,2022-11-21,0.0
0,SWE,2023-11-13,0.0
0,SWE,2024-11-25,0.0
0,SWE,2025-11-03,0.0
0,THA,2010-06-07,2.0
0,THA,2011-01-10,0.0
0,THA,2011-06-06,0.0
0,THA,2011-10-17,0.0
0,THA,2012-06-04,0.0
0,THA,2015-06-01,-1.0
0,THA,2015-08-24,-3.0
0,THA,2015-10-19,-4.0
0,THA,2016-01-25,0.0
0,THA,2016-06-06,0.0
0,THA,2017-01-23,0.0
0,THA,2017-04-17,0.0
0,THA,2018-05-07,3.0
0,THA,2018-12-17,0.0
0,THA,2022-06-20,0.0
0,THA,2023-06-12,0.0
0,THA,2024-12-09,0.0
0,THA,2025-06-09,-5.0
0,TUN,2010-12-13,0.0
0,TUN,2012-12-17,0.0
0,TUN,2014-01-27,0.0
0,TUN,2014-11-24,0.0
0,TUN,2015-01-19,0.0
0,TUN,2016-01-04,0.0
0,TUN,2016-11-21,0.0
0,TUN,2019-01-07,0.0
0,TUN,2021-11-29,0.0
0,TUN,2022-10-31,0.0
0,TUN,2023-12-04,0.0
0,TUN,2024-12-16,0.0
0,TUN,2025-11-17,0.0
0,TUR,2010-11-29,0.0
0,TUR,2011-11-21,0.0
0,TUR,2012-12-03,0.0
0,TUR,2013-11-04,0.0
0,TUR,2014-12-22,-1.0
0,TUR,2015-11-16,0.0
0,TUR,2016-11-14,0.0
0,TUR,2017-10-30,0.0
0,TUR,2018-10-29,0.0
0,TUR,2019-11-11,0.0
0,TUR,2021-10-25,0.0
0,TUR,2022-10-10,0.0
0,TUR,2023-11-13,0.0
0,TUR,2024-01-15,0.0
0,TUR,2024-11-18,-1.0
0,TUR,2025-11-24,0.0
0,UKR,2010-10-18,1.0
0,UKR,2012-01-30,4.0
0,UKR,2012-12-24,1.0
0,UKR,2013-12-09,0.0
0,UKR,2014-01-27,0.0
0,UKR,2014-12-01,0.0
0,UKR,2015-11-16,0.0
0,UKR,2016-11-14,0.0
0,UKR,2017-11-13,0.0
0,UKR,2018-01-08,0.0
0,UKR,2018-11-19,0.0
0,UKR,2019-11-25,0.0
0,UKR,2020-01-13,0.0
0,UKR,2021-01-11,0.0
0,UKR,2021-12-13,0.0
0,UKR,2022-10-17,0.0
0,UKR,2023-11-20,0.0
0,UKR,2024-11-25,0.0
0,UKR,2025-11-03,0.0
0,URY,2010-08-23,0.0
0,URY,2011-06-06,0.0
0,URY,2013-05-27,0.0
0,URY,2014-06-16,-1.0
0,URY,2017-05-29,0.0
0,URY,2018-06-25,-9.0
0,URY,2019-07-15,2.0
0,URY,2022-03-21,0.0
0,URY,2023-04-03,-2.0
0,URY,2024-04-08,-1.0
0,URY,2025-04-14,0.0
0,URY,2025-10-27,0.0
0,URY,2026-04-20,0.0
0,USA,2010-11-01,0.0
0,USA,2012-01-09,0.0
0,USA,2012-10-15,0.0
0,USA,2013-10-28,0.0
0,USA,2014-10-20,0.0
0,USA,2016-01-04,0.0
0,USA,2016-11-21,0.0
0,USA,2017-11-13,0.0
0,USA,2018-11-19,-1.0
0,USA,2019-01-07,0.0
0,USA,2019-10-21,-1.0
0,USA,2022-10-03,0.0
0,USA,2023-11-20,0.0
0,USA,2024-11-18,0.0
0,USA,2025-10-27,0.0
0,VEN,2011-03-07,0.0
0,VEN,2011-09-05,8.0
0,VEN,2023-01-23,0.0
0,VEN,2023-07-17,0.0
0,VEN,2024-01-15,1.0
0,VEN,2024-11-04,0.0
0,VEN,2025-02-10,0.0
0,VEN,2025-04-14,1.0
0,VEN,2025-06-02,0.0
0,VEN,2025-07-21,0.0
0,VEN,2025-09-29,-2.0
0,VNM,2010-03-29,-3.0
0,VNM,2010-06-28,0.0
0,VNM,2011-06-27,0.0
0,VNM,2012-08-06,3.0
0,VNM,2013-02-25,0.0
0,VNM,2014-08-04,2.0
0,VNM,2014-11-17,0.0
0,VNM,2014-12-29,-1.0
0,VNM,2016-04-25,0.0
0,VNM,2016-10-31,0.0
0,VNM,2017-02-13,1.0
0,VNM,2018-05-07,0.0
0,VNM,2018-07-16,0.0
0,VNM,2019-05-20,0.0
0,VNM,2020-09-07,0.0
0,VNM,2022-09-12,0.0
0,VNM,2023-08-21,-3.0
0,VNM,2024-03-04,0.0
0,VNM,2024-11-18,0.0
0,VNM,2025-07-21,-1.0
0,ZAF,2010-05-17,-2.0
0,ZAF,2011-04-04,0.0
0,ZAF,2012-05-14,0.0
0,ZAF,2012-07-09,0.0
0,ZAF,2013-04-08,0.0
0,ZAF,2014-04-21,0.0
0,ZAF,2015-04-13,0.0
0,ZAF,2016-04-18,0.0
0,ZAF,2017-05-01,0.0
0,ZAF,2018-04-02,0.0
0,ZAF,2019-03-25,0.0
0,ZAF,2020-01-13,0.0
0,ZAF,2021-08-23,0.0
0,ZAF,2022-04-04,1.0
0,ZAF,2023-03-27,0.0
0,ZAF,2024-03-25,0.0
0,ZAF,2025-03-10,-2.0
0,ZAF,2025-12-01,0.0
0,ZAF,2026-02-02,0.0
1,ARE,2021-10-11,0.0
1,ARE,2022-01-03,0.0
1,ARE,2023-09-18,2.0
1,ARG,2010-09-20,0.0
1,ARG,2016-04-25,0.0
1,ARG,2017-04-17,0.0
1,ARG,2022-08-15,0.0
1,ARG,2024-04-08,0.0
1,ARG,2025-03-24,0.0
1,ARG,2026-03-09,0.0
1,AUS,2010-07-19,-3.0
1,AUS,2011-06-20,0.0
1,AUS,2011-12-12,0.0
1,AUS,2013-06-17,0.0
1,AUS,2014-06-02,0.0
1,AUS,2014-12-22,0.0
1,AUS,2017-06-12,0.0
1,AUS,2018-07-30,0.0
1,AUS,2019-12-30,0.0
1,AUS,2024-05-27,-5.0
1,AUT,2010-12-06,0.0
1,AUT,2011-12-12,0.0
1,AUT,2012-11-12,0.0
1,AUT,2013-12-30,0.0
1,AUT,2014-12-08,0.0
1,AUT,2015-11-02,-2.0
1,AUT,2016-11-14,0.0
1,AUT,2017-11-20,0.0
1,AUT,2018-12-03,0.0
1,AUT,2019-11-18,0.0
1,AUT,2022-11-21,0.0
1,AUT,2023-11-20,0.0
1,AUT,2024-11-25,-1.0
1,AUT,2025-11-03,0.0
1,BEL,2012-12-10,0.0
1,BEL,2019-01-07,0.0
1,BEL,2022-11-21,0.0
1,BEL,2023-11-20,0.0
1,BGR,2011-01-10,0.0
1,BGR,2012-01-16,0.0
1,BGR,2013-01-21,0.0
1,BGR,2015-02-16,0.0
1,BGR,2016-01-18,0.0
1,BGR,2016-12-12,0.0
1,BGR,2018-01-08,0.0
1,BGR,2018-11-26,0.0
1,BGR,2022-02-21,0.0
1,BGR,2023-11-27,0.0
1,BGR,2024-01-08,0.0
1,BGR,2024-11-18,-2.0
1,BGR,2025-11-10,0.0
1,BLR,2010-12-06,0.0
1,BLR,2012-02-20,0.0
1,BLR,2012-04-30,0.0
1,BLR,2012-12-17,2.0
1,BLR,2014-01-13,0.0
1,BLR,2014-12-15,0.0
1,BLR,2015-12-14,0.0
1,BLR,2016-11-07,0.0
1,BLR,2018-01-15,1.0
1,BLR,2018-12-10,-1.0
1,BLR,2020-01-27,0.0
1,BLR,2021-11-01,0.0
1,BLR,2022-11-07,0.0
1,BLR,2023-12-04,0.0
1,BLR,2025-01-06,0.0
1,BLR,2025-11-10,3.0
1,BOL,2011-07-04,0.0
1,BOL,2011-08-01,0.0
1,BOL,2012-04-30,0.0
1,BOL,2012-09-10,0.0
1,BOL,2013-01-21,0.0
1,BOL,2013-04-15,0.0
1,BOL,2014-03-31,0.0
1,BOL,2015-05-04,-1.0
1,BOL,2017-02-20,0.0
1,BOL,2017-09-25,0.0
1,BOL,2018-02-05,0.0
1,BOL,2018-03-05,0.0
1,BOL,2018-11-12,4.0
1,BOL,2019-04-22,0.0
1,BOL,2019-11-18,0.0
1,BOL,2022-05-09,0.0
1,BOL,2022-09-26,0.0
1,BOL,2024-01-15,0.0
1,BOL,2024-10-07,0.0
1,BOL,2025-01-27,0.0
1,BRA,2010-08-23,0.0
1,BRA,2011-10-31,0.0
1,BRA,2011-12-26,-4.0
1,BRA,2012-04-02,0.0
1,BRA,2013-01-28,0.0
1,BRA,2014-04-14,4.0
1,BRA,2014-12-29,0.0
1,BRA,2017-01-09,-1.0
1,BRA,2018-09-17,0.0
1,BRA,2018-10-29,-1.0
1,BRA,2019-01-21,0.0
1,BRA,2021-11-15,0.0
1,BRA,2024-01-29,0.0
1,BRA,2025-03-31,0.0
1,CAN,2010-11-08,0.0
1,CAN,2012-01-23,1.0
1,CAN,2012-10-22,0.0
1,CAN,2013-11-18,0.0
1,CAN,2014-10-27,0.0
1,CAN,2015-12-28,0.0
1,CAN,2016-11-14,0.0
1,CAN,2017-10-30,0.0
1,CAN,2018-10-08,0.0
1,CAN,2019-11-04,0.0
1,CAN,2022-03-28,0.0
1,CAN,2022-10-10,0.0
1,CAN,2023-10-23,1.0
1,CAN,2024-12-02,0.0
1,CAN,2025-10-27,0.0
1,CHE,2012-01-16,0.0
1,CHE,2012-03-05,0.0
1,CHE,2014-01-20,0.0
1,CHE,2015-01-12,-5.0
1,CHE,2016-12-05,0.0
1,CHE,2017-12-18,0.0
1,CHE,2018-11-19,0.0
1,CHE,2019-01-07,0.0
1,CHE,2020-01-06,0.0
1,CHE,2020-10-26,0.0
1,CHE,2021-01-25,0.0
1,CHE,2021-09-13,0.0
1,CHE,2022-09-05,0.0
1,CHE,2023-08-28,0.0
1,CHE,2023-10-09,0.0
1,CHE,2024-10-07,3.0
1,CHE,2025-09-15,0.0
1,CHL,2010-07-19,1.0
1,CHL,2013-04-22,-2.0
1,CHL,2017-05-01,0.0
1,CHL,2019-04-15,0.0
1,CHL,2021-12-13,0.0
1,CHL,2022-09-12,0.0
1,CHL,2023-03-13,0.0
1,CHL,2024-03-04,-2.0
1,CHL,2025-03-17,0.0
1,CHL,2026-04-13,0.0
1,CHN,2011-11-28,0.0
1,CHN,2012-11-19,0.0
1,CHN,2013-11-04,0.0
1,CHN,2014-10-27,0.0
1,CHN,2015-11-30,0.0
1,CHN,2016-10-17,2.0
1,CHN,2017-10-30,0.0
1,CHN,2018-11-12,0.0
1,CHN,2019-10-28,0.0
1,CHN,2021-11-08,0.0
1,CHN,2023-01-23,0.0
1,CHN,2023-10-02,0.0
1,CHN,2024-11-11,0.0
1,CHN,2025-09-29,0.0
1,COL,2010-10-25,-7.0
1,COL,2011-04-25,0.0
1,COL,2011-11-14,0.0
1,COL,2012-03-12,-3.0
1,COL,2012-12-10,0.0
1,COL,2013-02-25,0.0
1,COL,2014-02-03,0.0
1,COL,2016-04-11,0.0
1,COL,2018-03-12,-3.0
1,COL,2019-06-10,0.0
1,COL,2019-10-28,0.0
1,COL,2021-11-29,2.0
1,COL,2024-12-30,0.0
1,COL,2025-11-24,0.0
1,CRI,2011-01-03,0.0
1,CRI,2011-10-17,0.0
1,CRI,2012-08-13,11.0
1,CRI,2013-04-29,-5.0
1,CRI,2013-10-14,0.0
1,CRI,2014-06-16,0.0
1,CRI,2015-08-31,0.0
1,CRI,2015-11-16,0.0
1,CRI,2016-09-19,0.0
1,CRI,2017-05-01,0.0
1,CRI,2018-01-15,0.0
1,CRI,2018-02-12,0.0
1,CRI,2018-08-13,0.0
1,CRI,2019-01-07,3.0
1,CRI,2019-04-01,0.0
1,CRI,2019-07-29,0.0
1,CRI,2020-01-06,0.0
1,CRI,2023-04-17,0.0
1,CRI,2025-01-06,0.0
1,CRI,2025-10-27,0.0
1,CZE,2012-02-06,0.0
1,CZE,2016-01-11,0.0
1,CZE,2016-11-28,0.0
1,CZE,2018-01-08,0.0
1,CZE,2019-01-14,0.0
1,CZE,2020-01-06,0.0
1,CZE,2022-02-28,0.0
1,CZE,2022-11-07,0.0
1,CZE,2023-11-27,0.0
1,CZE,2024-11-25,0.0
1,CZE,2025-11-10,0.0
1,DEU,2010-11-22,0.0
1,DEU,2012-01-09,0.0
1,DEU,2012-11-12,0.0
1,DEU,2013-11-18,0.0
1,DEU,2013-12-23,0.0
1,DEU,2014-02-24,0.0
1,DEU,2014-11-24,-3.0
1,DEU,2015-11-30,0.0
1,DEU,2016-10-31,0.0
1,DEU,2017-11-20,-1.0
1,DEU,2018-12-10,0.0
1,DEU,2019-11-04,0.0
1,DEU,2021-12-06,0.0
1,DEU,2022-01-10,0.0
1,DEU,2022-02-21,0.0
1,DEU,2022-09-12,6.0
1,DEU,2023-11-20,0.0
1,DEU,2024-11-18,0.0
1,DEU,2025-10-06,0.0
1,DNK,2010-11-08,0.0
1,DNK,2012-01-16,0.0
1,DNK,2012-11-19,0.0
1,DNK,2013-01-14,0.0
1,DNK,2014-01-06,0.0
1,DNK,2014-12-22,0.0
1,DNK,2015-12-28,0.0
1,DNK,2016-11-14,0.0
1,DNK,2017-11-20,0.0
1,DNK,2018-11-12,0.0
1,DNK,2019-11-25,0.0
1,DNK,2020-01-06,0.0
1,DNK,2022-02-07,0.0
1,DNK,2022-11-14,0.0
1,DNK,2023-01-09,0.0
1,DNK,2023-11-13,0.0
1,DNK,2024-11-18,0.0
1,DNK,2025-11-03,0.0
1,DNK,2025-12-29,0.0
1,DOM,2010-07-12,0.0
1,DOM,2011-03-07,2.0
1,DOM,2011-09-05,0.0
1,DOM,2013-07-01,0.0
1,DOM,2016-01-25,0.0
1,DOM,2016-10-17,0.0
1,DOM,2016-11-28,3.0
1,DOM,2022-02-14,0.0
1,DOM,2022-10-10,0.0
1,DOM,2023-10-30,0.0
1,DOM,2024-04-08,0.0
1,DOM,2025-01-06,0.0
1,DOM,2025-05-19,0.0
1,DOM,2025-06-30,0.0
1,DOM,2025-09-01,1.0
1,DOM,2025-11-10,0.0
1,DZA,2010-11-29,0.0
1,DZA,2011-11-28,0.0
1,DZA,2013-11-18,0.0
1,DZA,2014-10-13,0.0
1,DZA,2015-12-14,0.0
1,DZA,2017-11-13,0.0
1,DZA,2021-11-22,0.0
1,DZA,2023-11-13,0.0
1,DZA,2024-12-02,0.0
1,DZA,2025-11-17,0.0
1,ECU,2010-12-20,0.0
1,ECU,2011-11-07,0.0
1,ECU,2012-05-07,0.0
1,ECU,2012-12-03,0.0
1,ECU,2013-05-27,0.0
1,ECU,2014-05-05,0.0
1,ECU,2014-10-27,0.0
1,ECU,2015-04-27,0.0
1,ECU,2015-11-16,0.0
1,ECU,2016-11-28,0.0
1,ECU,2017-06-12,0.0
1,ECU,2017-11-06,0.0
1,ECU,2018-08-27,-8.0
1,ECU,2019-10-21,0.0
1,ECU,2021-11-15,-2.0
1,ECU,2022-06-13,0.0
1,ECU,2022-10-17,0.0
1,ECU,2023-09-18,-2.0
1,ECU,2024-05-13,-1.0
1,ECU,2024-09-23,1.0
1,ECU,2025-09-15,0.0
1,EGY,2010-08-09,-2.0
1,EGY,2010-09-20,0.0
1,EGY,2011-09-12,0.0
1,EGY,2012-09-03,1.0
1,EGY,2012-10-22,0.0
1,EGY,2013-11-11,0.0
1,EGY,2015-07-13,0.0
1,EGY,2015-10-26,0.0
1,EGY,2016-07-25,0.0
1,EGY,2017-03-06,0.0
1,EGY,2017-10-09,0.0
1,EGY,2017-11-13,0.0
1,EGY,2018-10-15,0.0
1,EGY,2021-11-15,0.0
1,EGY,2022-02-07,0.0
1,EGY,2022-08-15,1.0
1,EGY,2023-08-28,0.0
1,EGY,2024-10-21,0.0
1,ESP,2010-04-12,0.0
1,ESP,2010-10-18,2.0
1,ESP,2011-10-24,0.0
1,ESP,2012-11-12,0.0
1,ESP,2013-11-04,0.0
1,ESP,2014-11-03,0.0
1,ESP,2016-10-17,0.0
1,ESP,2017-10-02,0.0
1,ESP,2018-11-12,0.0
1,ESP,2019-11-04,0.0
1,ESP,2022-02-07,0.0
1,ESP,2023-11-06,0.0
1,ESP,2024-12-02,0.0
1,ESP,2025-10-20,1.0
1,FRA,2010-11-15,0.0
1,FRA,2011-12-26,0.0
1,FRA,2012-11-26,0.0
1,FRA,2013-12-30,0.0
1,FRA,2014-12-01,0.0
1,FRA,2015-12-28,-2.0
1,FRA,2016-11-14,0.0
1,FRA,2017-11-13,0.0
1,FRA,2018-12-03,-2.0
1,FRA,2019-11-25,0.0
1,FRA,2022-11-14,0.0
1,FRA,2023-11-27,-1.0
1,FRA,2024-11-18,0.0
1,FRA,2025-11-10,1.0
1,GRC,2012-01-09,0.0
1,GRC,2013-01-14,0.0
1,GRC,2016-11-28,0.0
1,GRC,2017-11-27,0.0
1,GRC,2018-12-10,0.0
1,GRC,2020-01-06,0.0
1,GRC,2022-10-24,0.0
1,GRC,2023-11-06,-1.0
1,GRC,2024-11-04,0.0
1,GRC,2025-10-06,2.0
1,GTM,2011-03-14,0.0
1,GTM,2012-01-23,0.0
1,GTM,2012-07-16,0.0
1,GTM,2012-08-20,-2.0
1,GTM,2012-10-15,0.0
1,GTM,2013-01-07,0.0
1,GTM,2013-02-25,0.0
1,GTM,2013-05-06,0.0
1,GTM,2013-07-15,0.0
1,GTM,2013-08-19,-4.0
1,GTM,2013-10-28,0.0
1,GTM,2014-02-17,1.0
1,GTM,2014-09-29,0.0
1,GTM,2015-01-12,0.0
1,GTM,2015-08-10,3.0
1,GTM,2016-02-01,0.0
1,GTM,2017-01-09,0.0
1,GTM,2018-02-05,0.0
1,GTM,2019-05-20,0.0
1,GTM,2020-02-17,0.0
1,GTM,2022-08-15,-3.0
1,GTM,2023-08-21,0.0
1,GTM,2024-04-29,0.0
1,GTM,2025-01-13,0.0
1,GTM,2025-03-17,0.0
1,GTM,2025-10-20,0.0
1,GTM,2025-11-17,1.0
1,HND,2010-01-25,0.0
1,HND,2010-05-24,2.0
1,HND,2010-11-08,0.0
1,HND,2011-02-14,0.0
1,HND,2011-05-02,-2.0
1,HND,2011-08-29,0.0
1,HND,2012-03-05,3.0
1,HND,2012-05-14,0.0
1,HND,2012-10-01,0.0
1,HND,2013-08-12,-1.0
1,HND,2014-04-28,0.0
1,HND,2014-09-22,0.0
1,HND,2015-09-28,0.0
1,HND,2016-10-17,0.0
1,HND,2017-04-24,0.0
1,HND,2018-01-08,0.0
1,HND,2018-11-19,0.0
1,HND,2019-02-18,-1.0
1,HND,2019-06-10,0.0
1,HND,2022-10-03,0.0
1,HND,2024-01-01,2.0
1,HND,2024-09-02,0.0
1,HND,2025-01-27,-1.0
1,HND,2025-10-06,0.0
1,HRV,2012-01-16,0.0
1,HRV,2013-12-23,0.0
1,HRV,2014-01-27,0.0
1,HRV,2014-12-15,0.0
1,HRV,2016-01-04,0.0
1,HRV,2016-12-05,0.0
1,HRV,2017-12-11,0.0
1,HRV,2018-12-24,0.0
1,HRV,2021-08-30,0.0
1,HRV,2022-11-14,0.0
1,HRV,2023-11-20,0.0
1,HRV,2024-11-25,0.0
1,HRV,2025-10-27,1.0
1,HUN,2010-11-29,0.0
1,HUN,2012-01-02,0.0
1,HUN,2013-01-14,0.0
1,HUN,2014-01-13,0.0
1,HUN,2016-01-25,0.0
1,HUN,2017-11-27,0.0
1,HUN,2020-01-13,0.0
1,HUN,2022-11-21,0.0
1,HUN,2023-01-16,0.0
1,HUN,2023-11-20,0.0
1,HUN,2024-01-08,0.0
1,HUN,2024-11-11,0.0
1,HUN,2025-11-10,0.0
1,HUN,2026-01-12,0.0
1,IDN,2010-06-21,-2.0
1,IDN,2011-03-21,-2.0
1,IDN,2011-10-10,0.0
1,IDN,2012-10-22,0.0
1,IDN,2013-07-01,0.0
1,IDN,2013-09-02,2.0
1,IDN,2013-10-14,0.0
1,IDN,2014-09-22,-1.0
1,IDN,2014-11-24,-1.0
1,IDN,2016-09-05,0.0
1,IDN,2016-10-31,0.0
1,IDN,2018-07-16,5.0
1,IDN,2019-08-12,0.0
1,IDN,2023-05-29,0.0
1,IDN,2023-08-07,-1.0
1,IDN,2023-10-16,3.0
1,IDN,2024-08-12,0.0
1,IND,2011-01-10,0.0
1,IND,2011-05-09,0.0
1,IND,2013-11-11,0.0
1,IND,2014-02-17,0.0
1,IND,2014-03-24,0.0
1,IND,2014-05-12,0.0
1,IND,2014-07-21,0.0
1,IND,2014-12-15,0.0
1,IND,2015-06-29,6.0
1,IND,2015-12-14,0.0
1,IND,2016-01-18,1.0
1,IND,2016-06-27,0.0
1,IND,2016-08-08,0.0
1,IND,2016-09-05,-3.0
1,IND,2016-10-17,0.0
1,IND,2016-12-19,0.0
1,IND,2017-12-11,0.0
1,IND,2018-08-06,0.0
1,IND,2018-11-12,0.0
1,IND,2020-02-03,0.0
1,IND,2021-07-12,0.0
1,IND,2022-06-27,0.0
1,IND,2025-07-14,-4.0
1,IRL,2010-11-15,0.0
1,IRL,2011-12-05,0.0
1,IRL,2012-01-09,0.0
1,IRL,2012-11-12,0.0
1,IRL,2013-01-21,0.0
1,IRL,2013-12-09,0.0
1,IRL,2014-12-08,0.0
1,IRL,2015-11-23,0.0
1,IRL,2016-11-07,0.0
1,IRL,2017-11-13,0.0
1,IRL,2018-11-26,0.0
1,IRL,2019-10-21,0.0
1,IRL,2022-01-17,1.0
1,IRL,2022-10-10,0.0
1,IRL,2023-10-30,0.0
1,IRL,2024-10-28,0.0
1,IRL,2025-09-29,0.0
1,IRN,2010-02-08,0.0
1,IRN,2010-03-22,0.0
1,IRN,2010-10-25,0.0
1,IRN,2011-10-10,0.0
1,IRN,2012-10-22,0.0
1,IRN,2013-11-04,0.0
1,IRN,2013-12-23,0.0
1,IRN,2014-03-24,0.0
1,IRN,2014-11-10,0.0
1,IRN,2015-09-07,0.0
1,IRN,2016-10-24,-1.0
1,IRN,2017-11-06,0.0
1,IRN,2018-10-15,0.0
1,IRN,2019-09-09,0.0
1,IRN,2021-09-20,0.0
1,IRN,2022-08-22,0.0
1,IRN,2023-08-14,0.0
1,IRN,2024-10-14,0.0
1,IRN,2025-10-13,0.0
1,IRQ,2011-02-14,0.0
1,IRQ,2015-01-12,0.0
1,IRQ,2017-01-23,0.0
1,IRQ,2021-11-15,0.0
1,IRQ,2024-10-14,1.0
1,IRQ,2025-09-29,1.0
1,ISR,2010-10-11,0.0
1,ISR,2011-12-05,0.0
1,ISR,2012-11-19,0.0
1,ISR,2013-12-16,0.0
1,ISR,2015-11-16,0.0
1,ISR,2016-12-05,0.0
1,ISR,2017-11-06,0.0
1,ISR,2018-10-22,0.0
1,ISR,2019-11-04,0.0
1,ISR,2021-11-08,0.0
1,ISR,2022-11-07,0.0
1,ISR,2023-12-18,-7.0
1,ISR,2024-11-18,0.0
1,ISR,2025-10-20,0.0
1,ITA,2010-11-22,0.0
1,ITA,2011-12-05,0.0
1,ITA,2012-11-19,0.0
1,ITA,2013-01-07,0.0
1,ITA,2013-11-18,0.0
1,ITA,2014-11-03,-3.0
1,ITA,2015-11-30,1.0
1,ITA,2016-11-21,0.0
1,ITA,2017-11-20,0.0
1,ITA,2018-12-03,0.0
1,ITA,2019-11-18,0.0
1,ITA,2022-01-31,0.0
1,ITA,2023-11-20,0.0
1,ITA,2024-11-25,0.0
1,ITA,2025-10-20,0.0
1,JOR,2012-01-23,1.0
1,JOR,2012-12-03,0.0
1,JOR,2013-11-04,0.0
1,JOR,2015-12-21,0.0
1,JOR,2016-11-07,0.0
1,JOR,2018-11-05,-1.0
1,JOR,2021-11-15,0.0
1,JOR,2022-10-24,0.0
1,JOR,2022-12-19,0.0
1,JOR,2023-10-23,0.0
1,JOR,2024-10-07,0.0
1,JOR,2025-10-13,0.0
1,KAZ,2011-01-10,0.0
1,KAZ,2011-12-12,-2.0
1,KAZ,2012-12-10,0.0
1,KAZ,2013-12-16,0.0
1,KAZ,2014-12-01,1.0
1,KAZ,2015-10-26,0.0
1,KAZ,2016-10-17,0.0
1,KAZ,2017-12-25,0.0
1,KAZ,2018-11-19,0.0
1,KAZ,2019-11-04,0.0
1,KAZ,2022-09-12,0.0
1,KAZ,2023-10-30,0.0
1,KAZ,2024-11-04,0.0
1,KAZ,2025-09-22,0.0
1,KEN,2010-08-30,0.0
1,KEN,2011-09-26,0.0
1,KEN,2012-01-30,0.0
1,KEN,2012-08-13,0.0
1,KEN,2013-09-23,0.0
1,KEN,2014-02-03,-1.0
1,KEN,2016-09-05,-2.0
1,KEN,2018-01-29,0.0
1,KEN,2018-03-12,-1.0
1,KEN,2018-09-10,-1.0
1,KEN,2019-01-21,1.0
1,KEN,2019-03-18,-3.0
1,KEN,2019-06-10,1.0
1,KEN,2019-09-09,-5.0
1,KEN,2020-01-13,0.0
1,KEN,2020-10-12,0.0
1,KEN,2021-01-18,0.0
1,KEN,2021-05-03,3.0
1,KEN,2021-11-01,6.0
1,KEN,2022-04-18,0.0
1,KEN,2022-09-05,0.0
1,KEN,2023-11-06,0.0
1,KEN,2024-07-08,0.0
1,KEN,2025-01-27,0.0
1,KEN,2026-04-06,0.0
1,KOR,2010-11-08,1.0
1,KOR,2011-11-21,3.0
1,KOR,2012-12-03,0.0
1,KOR,2013-11-25,0.0
1,KOR,2014-12-01,-1.0
1,KOR,2015-12-07,0.0
1,KOR,2016-11-07,0.0
1,KOR,2017-11-06,0.0
1,KOR,2018-10-22,0.0
1,KOR,2019-10-28,1.0
1,KOR,2022-10-17,0.0
1,KOR,2023-04-10,0.0
1,KOR,2023-08-28,0.0
1,KOR,2024-11-11,0.0
1,KOR,2025-09-08,0.0
1,KWT,2017-09-04,0.0
1,KWT,2018-08-20,0.0
1,KWT,2025-07-28,1.0
1,KWT,2026-03-02,0.0
1,LBN,2015-12-21,0.0
1,LBN,2016-02-08,-2.0
1,LBN,2016-03-07,0.0
1,LBN,2017-01-16,0.0
1,LBN,2017-12-25,0.0
1,LBN,2019-01-14,0.0
1,LBN,2021-10-11,0.0
1,LBN,2023-07-10,0.0
1,LBN,2023-10-23,0.0
1,LBN,2024-12-16,0.0
1,LBN,2025-10-13,2.0
1,LTU,2022-10-31,0.0
1,LTU,2023-10-30,0.0
1,LTU,2024-11-04,0.0
1,LTU,2025-11-03,0.0
1,MAR,2010-12-13,0.0
1,MAR,2011-11-28,0.0
1,MAR,2016-01-11,0.0
1,MAR,2017-02-13,0.0
1,MAR,2017-10-23,0.0
1,MAR,2018-12-17,0.0
1,MAR,2020-01-06,0.0
1,MAR,2021-12-13,0.0
1,MAR,2022-11-28,0.0
1,MAR,2023-11-20,0.0
1,MAR,2024-12-02,1.0
1,MAR,2025-10-13,0.0
1,MEX,2011-11-14,2.0
1,MEX,2012-08-27,0.0
1,MEX,2013-10-21,0.0
1,MEX,2015-11-30,2.0
1,MEX,2016-11-28,0.0
1,MEX,2017-11-06,0.0
1,MEX,2019-09-16,0.0
1,MEX,2019-11-11,1.0
1,MEX,2021-10-25,0.0
1,MEX,2024-11-04,0.0
1,MEX,2025-11-10,0.0
1,MYS,2010-08-09,4.0
1,MYS,2010-11-22,0.0
1,MYS,2011-03-07,0.0
1,MYS,2013-10-21,0.0
1,MYS,2015-12-07,-4.0
1,MYS,2016-01-18,0.0
1,MYS,2016-07-04,0.0
1,MYS,2016-12-05,0.0
1,MYS,2017-11-13,0.0
1,MYS,2018-09-17,-2.0
1,MYS,2018-11-05,0.0
1,MYS,2021-11-01,3.0
1,MYS,2021-12-20,0.0
1,MYS,2022-10-17,0.0
1,MYS,2025-08-18,0.0
1,NGA,2011-01-03,0.0
1,NGA,2011-08-22,0.0
1,NGA,2012-07-23,0.0
1,NGA,2013-01-28,0.0
1,NGA,2013-11-04,0.0
1,NGA,2015-04-27,0.0
1,NGA,2021-05-24,1.0
1,NLD,2010-11-22,1.0
1,NLD,2011-09-26,0.0
1,NLD,2012-01-16,0.0
1,NLD,2012-11-26,0.0
1,NLD,2013-10-21,-1.0
1,NLD,2013-12-30,0.0
1,NLD,2014-09-22,0.0
1,NLD,2015-11-02,0.0
1,NLD,2015-12-28,0.0
1,NLD,2016-10-24,1.0
1,NLD,2017-11-20,-1.0
1,NLD,2019-01-14,0.0
1,NLD,2020-02-03,0.0
1,NLD,2022-11-28,0.0
1,NLD,2023-11-13,0.0
1,NLD,2024-09-30,0.0
1,NLD,2025-01-13,0.0
1,NLD,2025-10-06,0.0
1,NOR,2010-11-08,0.0
1,NOR,2011-11-28,0.0
1,NOR,2012-01-09,0.0
1,NOR,2012-11-19,0.0
1,NOR,2013-12-30,0.0
1,NOR,2014-12-01,0.0
1,NOR,2015-11-30,0.0
1,NOR,2016-10-31,0.0
1,NOR,2017-11-20,0.0
1,NOR,2018-11-26,0.0
1,NOR,2019-11-25,0.0
1,NOR,2020-01-13,0.0
1,NOR,2022-02-21,0.0
1,NOR,2022-11-07,0.0
1,NOR,2023-11-13,0.0
1,NOR,2024-11-25,-3.0
1,NOR,2025-10-27,0.0
1,NZL,2016-06-13,-1.0
1,NZL,2018-05-07,0.0
1,NZL,2018-07-09,0.0
1,NZL,2023-02-06,0.0
1,NZL,2023-06-05,0.0
1,NZL,2023-11-20,3.0
1,NZL,2024-02-12,0.0
1,NZL,2024-05-06,0.0
1,NZL,2024-12-09,0.0
1,NZL,2026-02-02,-4.0
1,NZL,2026-03-30,2.0
1,PAK,2010-08-30,0.0
1,PAK,2010-10-25,0.0
1,PAK,2011-12-12,0.0
1,PAK,2012-01-30,-1.0
1,PAK,2012-12-03,0.0
1,PAK,2013-02-04,0.0
1,PAK,2013-08-19,0.0
1,PAK,2015-01-19,0.0
1,PAK,2015-11-30,0.0
1,PAK,2019-11-25,0.0
1,PAK,2020-01-06,-1.0
1,PAK,2021-01-18,0.0
1,PAK,2021-10-18,0.0
1,PAK,2022-10-31,0.0
1,PAK,2023-10-30,0.0
1,PAK,2024-11-18,0.0
1,PAK,2025-10-13,0.0
1,PAN,2011-07-04,0.0
1,PAN,2012-11-05,-1.0
1,PAN,2013-04-01,0.0
1,PAN,2014-04-21,-1.0
1,PAN,2014-11-10,1.0
1,PAN,2015-12-07,0.0
1,PAN,2016-02-01,0.0
1,PAN,2016-11-28,0.0
1,PAN,2017-04-03,2.0
1,PAN,2018-08-27,0.0
1,PAN,2018-10-08,-2.0
1,PAN,2019-04-15,-2.0
1,PAN,2019-11-18,-1.0
1,PAN,2020-02-03,0.0
1,PAN,2023-10-30,0.0
1,PAN,2024-03-11,2.0
1,PAN,2025-01-13,0.0
1,PAN,2025-02-24,0.0
1,PAN,2025-10-20,0.0
1,PER,2010-04-19,0.0
1,PER,2010-12-27,0.0
1,PER,2011-04-18,0.0
1,PER,2011-10-10,1.0
1,PER,2011-11-28,0.0
1,PER,2012-02-20,1.0
1,PER,2012-10-15,0.0
1,PER,2013-04-01,0.0
1,PER,2013-05-27,1.0
1,PER,2014-04-14,0.0
1,PER,2015-03-02,1.0
1,PER,2015-12-21,0.0
1,PER,2017-04-17,0.0
1,PER,2017-08-21,1.0
1,PER,2018-11-19,2.0
1,PER,2019-01-07,0.0
1,PER,2019-02-18,-1.0
1,PER,2019-06-03,2.0
1,PER,2019-07-22,0.0
1,PER,2019-09-16,3.0
1,PER,2019-11-25,0.0
1,PER,2021-11-22,0.0
1,PER,2022-02-14,0.0
1,PER,2022-10-24,0.0
1,PER,2023-03-20,0.0
1,PHL,2010-01-25,0.0
1,PHL,2010-04-26,2.0
1,PHL,2011-05-16,0.0
1,PHL,2011-09-26,0.0
1,PHL,2011-11-07,0.0
1,PHL,2012-06-18,0.0
1,PHL,2014-02-24,2.0
1,PHL,2016-07-25,-2.0
1,PHL,2019-06-03,4.0
1,PHL,2019-08-12,0.0
1,PHL,2021-06-07,0.0
1,PHL,2022-01-03,-1.0
1,PHL,2022-07-11,0.0
1,PHL,2024-06-03,0.0
1,PHL,2025-04-07,0.0
1,POL,2010-11-15,0.0
1,POL,2012-03-26,0.0
1,POL,2012-11-19,-2.0
1,POL,2013-12-02,0.0
1,POL,2015-01-05,0.0
1,POL,2015-11-23,0.0
1,POL,2016-11-21,0.0
1,POL,2017-11-13,0.0
1,POL,2019-01-07,0.0
1,POL,2019-12-02,0.0
1,POL,2022-02-21,0.0
1,POL,2022-11-21,0.0
1,POL,2023-10-09,0.0
1,POL,2024-09-16,0.0
1,POL,2024-10-28,0.0
1,POL,2025-11-03,0.0
1,PRT,2013-11-04,0.0
1,PRT,2014-10-27,0.0
1,PRT,2015-11-09,0.0
1,PRT,2016-10-10,-1.0
1,PRT,2017-11-06,0.0
1,PRT,2018-11-19,0.0
1,PRT,2019-10-07,0.0
1,PRT,2022-02-07,0.0
1,PRT,2022-10-10,-2.0
1,PRT,2023-10-30,0.0
1,PRT,2024-11-11,0.0
1,PRT,2025-10-20,0.0
1,PRY,2010-06-14,0.0
1,PRY,2010-08-23,2.0
1,PRY,2012-01-30,0.0
1,PRY,2012-04-09,0.0
1,PRY,2012-08-20,0.0
1,PRY,2013-05-13,0.0
1,PRY,2013-11-18,-2.0
1,PRY,2014-05-19,0.0
1,PRY,2015-04-20,0.0
1,PRY,2016-04-18,-3.0
1,PRY,2017-02-20,4.0
1,PRY,2018-06-04,0.0
1,PRY,2019-04-22,0.0
1,PRY,2021-11-29,0.0
1,PRY,2022-05-23,0.0
1,PRY,2022-09-19,-3.0
1,PRY,2023-04-17,-3.0
1,PRY,2024-04-01,0.0
1,PRY,2025-03-10,0.0
1,PRY,2025-09-15,0.0
1,ROU,2010-12-13,0.0
1,ROU,2011-12-05,0.0
1,ROU,2013-01-07,0.0
1,ROU,2014-01-20,0.0
1,ROU,2015-01-05,0.0
1,ROU,2015-12-14,0.0
1,ROU,2018-11-26,0.0
1,ROU,2019-11-18,0.0
1,ROU,2022-02-14,0.0
1,ROU,2023-11-27,0.0
1,RUS,2010-11-22,0.0
1,RUS,2012-01-30,0.0
1,RUS,2012-12-24,1.0
1,RUS,2013-12-09,0.0
1,RUS,2014-01-20,0.0
1,RUS,2014-11-24,0.0
1,RUS,2015-11-30,0.0
1,RUS,2016-11-07,0.0
1,RUS,2018-01-08,1.0
1,RUS,2018-12-03,-2.0
1,RUS,2019-11-25,0.0
1,RUS,2021-11-01,0.0
1,RUS,2022-10-31,0.0
1,RUS,2023-11-06,0.0
1,RUS,2024-12-30,0.0
1,RUS,2025-10-20,0.0
1,SAU,2017-07-17,7.0
1,SAU,2018-09-17,0.0
1,SAU,2018-11-05,0.0
1,SAU,2019-07-15,0.0
1,SAU,2019-09-16,0.0
1,SAU,2021-05-24,0.0
1,SAU,2021-10-18,0.0
1,SAU,2022-09-05,-4.0
1,SAU,2023-08-28,0.0
1,SAU,2024-09-23,0.0
1,SAU,2025-09-01,0.0
1,SGP,2011-04-18,6.0
1,SGP,2012-10-01,1.0
1,SGP,2018-09-03,3.0
1,SGP,2019-10-14,3.0
1,SGP,2022-06-06,0.0
1,SGP,2023-12-04,0.0
1,SGP,2025-06-09,0.0
1,SGP,2026-04-13,0.0
1,SLV,2010-05-10,0.0
1,SLV,2011-02-21,-13.0
1,SLV,2011-07-04,0.0
1,SLV,2012-03-05,0.0
1,SLV,2012-04-16,0.0
1,SLV,2012-08-06,0.0
1,SLV,2013-04-15,0.0
1,SLV,2013-08-26,-9.0
1,SLV,2014-05-12,0.0
1,SLV,2014-10-27,0.0
1,SLV,2015-02-23,0.0
1,SLV,2015-05-04,0.0
1,SLV,2015-07-06,0.0
1,SLV,2015-09-07,9.0
1,SLV,2016-02-15,0.0
1,SLV,2017-04-24,0.0
1,SLV,2018-05-28,3.0
1,SLV,2023-06-12,0.0
1,SLV,2023-08-14,0.0
1,SLV,2024-01-15,-2.0
1,SLV,2024-04-22,0.0
1,SLV,2025-04-07,-1.0
1,SLV,2025-06-02,2.0
1,SLV,2025-10-27,0.0
1,SRB,2016-02-01,0.0
1,SRB,2019-01-07,0.0
1,SRB,2019-12-16,0.0
1,SRB,2022-12-05,0.0
1,SRB,2023-01-02,0.0
1,SRB,2023-11-27,0.0
1,SRB,2024-11-11,0.0
1,SVK,2013-01-14,0.0
1,SVK,2014-02-10,0.0
1,SVK,2015-01-05,0.0
1,SVK,2015-03-09,0.0
1,SVK,2016-01-25,0.0
1,SVK,2016-11-28,0.0
1,SVK,2018-01-08,0.0
1,SVK,2019-01-14,0.0
1,SVK,2020-01-13,0.0
1,SVK,2022-02-28,0.0
1,SVK,2023-11-20,0.0
1,SVK,2024-10-07,0.0
1,SVK,2025-09-29,0.0
1,SWE,2010-11-15,-1.0
1,SWE,2011-12-05,0.0
1,SWE,2012-01-02,0.0
1,SWE,2012-11-19,2.0
1,SWE,2013-11-18,0.0
1,SWE,2014-01-13,0.0
1,SWE,2014-12-01,0.0
1,SWE,2015-10-26,0.0
1,SWE,2016-10-24,0.0
1,SWE,2017-11-27,0.0
1,SWE,2018-11-19,0.0
1,SWE,2019-11-25,0.0
1,SWE,2020-01-13,0.0
1,SWE,2021-11-15,1.0
1,SWE,2022-11-21,0.0
1,SWE,2023-11-13,0.0
1,SWE,2024-11-25,0.0
1,SWE,2025-11-03,0.0
1,THA,2010-06-07,0.0
1,THA,2011-01-10,0.0
1,THA,2011-06-06,0.0
1,THA,2011-10-17,-1.0
1,THA,2012-06-04,2.0
1,THA,2015-06-01,1.0
1,THA,2015-08-24,0.0
1,THA,2015-10-19,0.0
1,THA,2016-01-25,0.0
1,THA,2017-01-23,1.0
1,THA,2017-04-17,0.0
1,THA,2018-05-07,4.0
1,THA,2024-12-09,0.0
1,THA,2025-06-09,0.0
1,TUN,2010-12-13,0.0
1,TUN,2012-12-17,0.0
1,TUN,2014-01-27,0.0
1,TUN,2014-11-24,1.0
1,TUN,2015-01-19,0.0
1,TUN,2016-01-04,0.0
1,TUN,2016-11-21,0.0
1,TUN,2019-01-07,0.0
1,TUN,2021-11-29,0.0
1,TUN,2022-10-31,0.0
1,TUN,2023-12-04,0.0
1,TUN,2024-12-16,0.0
1,TUN,2025-11-17,-3.0
1,TUR,2010-11-29,0.0
1,TUR,2011-11-21,0.0
1,TUR,2012-12-03,-1.0
1,TUR,2013-11-04,-2.0
1,TUR,2014-12-22,0.0
1,TUR,2015-11-16,0.0
1,TUR,2016-11-14,0.0
1,TUR,2017-10-30,0.0
1,TUR,2018-10-29,0.0
1,TUR,2019-11-11,0.0
1,TUR,2021-10-25,0.0
1,TUR,2022-10-10,0.0
1,TUR,2023-11-13,0.0
1,TUR,2024-01-15,0.0
1,TUR,2024-11-18,-2.0
1,TUR,2025-11-24,0.0
1,UKR,2010-10-18,1.0
1,UKR,2012-01-30,4.0
1,UKR,2012-12-24,-5.0
1,UKR,2013-12-09,0.0
1,UKR,2014-01-27,0.0
1,UKR,2014-12-01,0.0
1,UKR,2015-11-16,0.0
1,UKR,2016-11-14,0.0
1,UKR,2017-11-13,0.0
1,UKR,2018-01-08,0.0
1,UKR,2018-11-19,0.0
1,UKR,2019-11-25,0.0
1,UKR,2021-01-11,0.0
1,UKR,2021-12-13,0.0
1,UKR,2022-10-17,0.0
1,UKR,2023-11-20,0.0
1,UKR,2024-11-25,0.0
1,UKR,2025-11-03,0.0
1,URY,2010-08-23,0.0
1,URY,2011-06-06,0.0
1,URY,2013-05-27,0.0
1,URY,2013-08-12,0.0
1,URY,2014-06-16,-1.0
1,URY,2017-05-29,0.0
1,URY,2017-08-14,-2.0
1,URY,2018-06-25,0.0
1,URY,2019-07-15,-1.0
1,URY,2019-08-26,-2.0
1,URY,2022-03-21,0.0
1,URY,2023-04-03,0.0
1,URY,2024-04-08,1.0
1,URY,2025-04-14,-2.0
1,URY,2026-04-20,-3.0
1,USA,2010-11-01,0.0
1,USA,2012-01-09,-1.0
1,USA,2012-10-15,0.0
1,USA,2013-10-28,0.0
1,USA,2014-10-20,0.0
1,USA,2016-01-04,0.0
1,USA,2016-11-21,-2.0
1,USA,2017-11-13,0.0
1,USA,2018-11-19,0.0
1,USA,2019-01-07,0.0
1,USA,2019-10-21,-1.0
1,USA,2022-10-03,0.0
1,USA,2023-11-20,0.0
1,USA,2024-11-18,-1.0
1,USA,2025-10-27,0.0
1,VEN,2011-03-07,0.0
1,VEN,2011-09-05,0.0
1,VEN,2023-01-23,0.0
1,VEN,2024-01-15,1.0
1,VEN,2024-11-04,0.0
1,VEN,2025-02-10,0.0
1,VEN,2025-04-14,1.0
1,VEN,2025-06-02,0.0
1,VEN,2025-09-29,0.0
1,VEN,2026-04-06,5.0
1,VNM,2010-03-29,-3.0
1,VNM,2010-06-28,0.0
1,VNM,2011-06-27,0.0
1,VNM,2012-08-06,0.0
1,VNM,2014-08-04,7.0
1,VNM,2014-11-17,0.0
1,VNM,2014-12-29,0.0
1,VNM,2016-04-25,0.0
1,VNM,2017-02-13,1.0
1,VNM,2018-05-07,0.0
1,VNM,2018-07-16,0.0
1,VNM,2019-05-20,0.0
1,VNM,2019-07-22,0.0
1,VNM,2020-09-07,0.0
1,VNM,2022-09-12,-1.0
1,VNM,2023-08-21,0.0
1,VNM,2024-03-04,0.0
1,VNM,2024-11-18,0.0
1,VNM,2025-07-21,-1.0
1,ZAF,2010-05-17,-1.0
1,ZAF,2011-04-04,0.0
1,ZAF,2012-05-14,0.0
1,ZAF,2012-07-09,0.0
1,ZAF,2013-04-08,0.0
1,ZAF,2014-04-21,0.0
1,ZAF,2015-04-13,0.0
1,ZAF,2016-04-18,0.0
1,ZAF,2017-05-01,0.0
1,ZAF,2018-04-02,0.0
1,ZAF,2019-03-25,0.0
1,ZAF,2020-01-13,0.0
1,ZAF,2021-08-23,0.0
1,ZAF,2022-04-04,0.0
1,ZAF,2023-03-27,0.0
1,ZAF,2024-03-25,0.0
1,ZAF,2025-03-10,0.0
1,ZAF,2025-12-01,0.0
1,ZAF,2026-02-02,0.0
2,ARE,2021-10-11,0.0
2,ARE,2022-01-03,0.0
2,ARE,2022-05-16,0.0
2,ARE,2023-09-18,0.0
2,ARG,2010-09-20,0.0
2,ARG,2013-05-13,0.0
2,ARG,2016-04-25,0.0
2,ARG,2017-04-17,1.0
2,ARG,2022-01-10,0.0
2,ARG,2022-08-15,0.0
2,ARG,2024-04-08,0.0
2,ARG,2025-03-24,0.0
2,ARG,2026-03-09,0.0
2,AUS,2010-07-19,-1.0
2,AUS,2011-06-20,2.0
2,AUS,2011-12-12,0.0
2,AUS,2012-05-14,1.0
2,AUS,2013-06-17,0.0
2,AUS,2014-06-02,0.0
2,AUS,2014-12-22,0.0
2,AUS,2016-06-06,-8.0
2,AUS,2017-06-12,-2.0
2,AUS,2018-07-30,0.0
2,AUS,2022-04-18,0.0
2,AUS,2024-05-27,0.0
2,AUT,2010-12-06,0.0
2,AUT,2011-12-12,2.0
2,AUT,2012-11-12,0.0
2,AUT,2013-12-30,0.0
2,AUT,2014-12-08,0.0
2,AUT,2015-11-02,-2.0
2,AUT,2016-11-14,0.0
2,AUT,2017-11-20,0.0
2,AUT,2018-12-03,0.0
2,AUT,2019-11-18,0.0
2,AUT,2022-11-21,0.0
2,AUT,2023-11-20,0.0
2,AUT,2024-11-25,0.0
2,AUT,2025-11-03,0.0
2,BEL,2012-12-10,0.0
2,BEL,2014-01-27,0.0
2,BEL,2019-01-07,0.0
2,BEL,2022-11-21,0.0
2,BEL,2023-11-20,0.0
2,BGR,2011-01-10,0.0
2,BGR,2012-01-16,0.0
2,BGR,2013-01-21,0.0
2,BGR,2015-02-16,0.0
2,BGR,2016-01-18,0.0
2,BGR,2016-12-12,0.0
2,BGR,2018-01-08,0.0
2,BGR,2018-11-26,0.0
2,BGR,2022-01-03,0.0
2,BGR,2022-02-21,0.0
2,BGR,2023-11-27,0.0
2,BGR,2024-01-08,0.0
2,BGR,2024-11-18,-2.0
2,BGR,2025-11-10,0.0
2,BLR,2010-12-06,0.0
2,BLR,2012-02-20,0.0
2,BLR,2012-04-30,0.0
2,BLR,2012-12-17,0.0
2,BLR,2014-01-13,0.0
2,BLR,2014-12-15,0.0
2,BLR,2015-12-14,0.0
2,BLR,2016-11-07,0.0
2,BLR,2018-01-15,1.0
2,BLR,2018-12-10,1.0
2,BLR,2020-01-27,0.0
2,BLR,2021-11-01,0.0
2,BLR,2022-11-07,1.0
2,BLR,2023-12-04,-2.0
2,BLR,2025-01-06,0.0
2,BLR,2025-11-10,3.0
2,BOL,2011-07-04,0.0
2,BOL,2011-08-01,0.0
2,BOL,2012-01-09,5.0
2,BOL,2012-09-10,5.0
2,BOL,2013-01-21,0.0
2,BOL,2013-04-15,1.0
2,BOL,2014-03-31,0.0
2,BOL,2015-05-04,-3.0
2,BOL,2017-02-20,0.0
2,BOL,2017-09-25,0.0
2,BOL,2018-02-05,0.0
2,BOL,2018-03-05,0.0
2,BOL,2018-11-12,3.0
2,BOL,2019-04-22,-1.0
2,BOL,2022-05-09,0.0
2,BOL,2022-09-26,1.0
2,BOL,2024-01-15,0.0
2,BOL,2024-10-07,0.0
2,BOL,2025-01-27,-3.0
2,BRA,2010-08-23,0.0
2,BRA,2011-10-31,-2.0
2,BRA,2011-12-26,-6.0
2,BRA,2012-04-02,0.0
2,BRA,2013-01-28,0.0
2,BRA,2014-12-29,0.0
2,BRA,2017-01-09,0.0
2,BRA,2018-09-17,-1.0
2,BRA,2018-10-29,-1.0
2,BRA,2021-11-15,0.0
2,BRA,2024-01-29,0.0
2,BRA,2025-03-31,0.0
2,CAN,2010-11-08,1.0
2,CAN,2012-01-23,0.0
2,CAN,2012-10-22,0.0
2,CAN,2013-11-18,0.0
2,CAN,2014-10-27,0.0
2,CAN,2015-12-28,1.0
2,CAN,2016-11-14,0.0
2,CAN,2017-10-30,0.0
2,CAN,2018-10-08,0.0
2,CAN,2019-11-04,0.0
2,CAN,2022-03-28,0.0
2,CAN,2022-10-10,0.0
2,CAN,2023-10-23,-1.0
2,CAN,2024-12-02,0.0
2,CAN,2025-10-27,0.0
2,CHE,2012-01-16,0.0
2,CHE,2012-03-05,0.0
2,CHE,2016-12-05,0.0
2,CHE,2017-12-18,0.0
2,CHE,2018-11-19,-1.0
2,CHE,2020-01-06,0.0
2,CHE,2020-10-26,0.0
2,CHE,2021-01-25,0.0
2,CHE,2021-09-13,0.0
2,CHE,2022-09-05,0.0
2,CHE,2023-08-28,1.0
2,CHE,2023-10-09,0.0
2,CHE,2024-10-07,-3.0
2,CHE,2025-09-15,0.0
2,CHL,2010-07-19,0.0
2,CHL,2013-04-22,-2.0
2,CHL,2016-06-27,1.0
2,CHL,2017-05-01,0.0
2,CHL,2019-04-15,0.0
2,CHL,2022-09-12,0.0
2,CHL,2023-03-13,0.0
2,CHL,2024-03-04,-1.0
2,CHL,2025-03-17,0.0
2,CHN,2011-11-28,0.0
2,CHN,2012-11-19,0.0
2,CHN,2013-11-04,0.0
2,CHN,2014-10-27,0.0
2,CHN,2015-11-30,2.0
2,CHN,2018-11-12,0.0
2,CHN,2019-10-28,0.0
2,CHN,2021-11-08,0.0
2,CHN,2023-01-23,0.0
2,CHN,2023-10-02,0.0
2,CHN,2024-11-11,0.0
2,CHN,2025-09-29,0.0
2,COL,2010-10-25,-2.0
2,COL,2011-04-25,0.0
2,COL,2011-11-14,0.0
2,COL,2012-12-10,0.0
2,COL,2013-02-25,0.0
2,COL,2014-02-03,1.0
2,COL,2016-04-11,0.0
2,COL,2018-03-12,-3.0
2,COL,2019-06-10,0.0
2,COL,2019-10-28,4.0
2,COL,2021-11-29,0.0
2,COL,2024-12-30,0.0
2,COL,2025-11-24,0.0
2,CRI,2011-10-17,0.0
2,CRI,2012-08-13,9.0
2,CRI,2013-04-29,0.0
2,CRI,2014-06-16,0.0
2,CRI,2015-08-31,0.0
2,CRI,2015-11-16,0.0
2,CRI,2016-09-19,-1.0
2,CRI,2017-05-01,0.0
2,CRI,2018-08-13,-3.0
2,CRI,2019-07-29,-3.0
2,CRI,2020-01-06,0.0
2,CRI,2022-01-17,1.0
2,CRI,2023-04-17,0.0
2,CRI,2025-01-06,0.0
2,CRI,2025-10-27,-3.0
2,CZE,2016-01-11,0.0
2,CZE,2016-11-28,0.0
2,CZE,2018-01-08,0.0
2,CZE,2019-01-14,0.0
2,CZE,2020-01-06,0.0
2,CZE,2022-02-28,0.0
2,CZE,2022-11-07,-1.0
2,CZE,2023-11-27,1.0
2,CZE,2024-11-25,0.0
2,CZE,2025-11-10,0.0
2,DEU,2010-11-22,0.0
2,DEU,2012-01-09,0.0
2,DEU,2012-11-12,0.0
2,DEU,2013-11-18,0.0
2,DEU,2013-12-23,0.0
2,DEU,2014-02-24,0.0
2,DEU,2014-11-24,-4.0
2,DEU,2015-11-30,0.0
2,DEU,2016-10-31,0.0
2,DEU,2017-11-20,0.0
2,DEU,2018-12-10,0.0
2,DEU,2019-11-04,0.0
2,DEU,2022-01-10,0.0
2,DEU,2022-09-12,0.0
2,DEU,2023-11-20,0.0
2,DEU,2024-11-18,0.0
2,DEU,2025-10-06,0.0
2,DNK,2010-11-08,0.0
2,DNK,2012-01-16,-1.0
2,DNK,2012-11-19,0.0
2,DNK,2013-01-14,0.0
2,DNK,2014-01-06,-1.0
2,DNK,2014-12-22,0.0
2,DNK,2015-12-28,0.0
2,DNK,2016-11-14,0.0
2,DNK,2017-11-20,0.0
2,DNK,2018-11-12,0.0
2,DNK,2019-11-25,0.0
2,DNK,2020-01-06,0.0
2,DNK,2022-02-07,0.0
2,DNK,2022-11-14,0.0
2,DNK,2023-01-09,0.0
2,DNK,2023-11-13,0.0
2,DNK,2024-11-18,0.0
2,DNK,2025-11-03,0.0
2,DNK,2025-12-29,0.0
2,DOM,2010-07-12,0.0
2,DOM,2011-09-05,3.0
2,DOM,2013-07-01,0.0
2,DOM,2016-01-25,0.0
2,DOM,2016-11-28,3.0
2,DOM,2022-02-14,0.0
2,DOM,2023-10-30,0.0
2,DOM,2025-01-06,0.0
2,DOM,2025-05-19,-3.0
2,DOM,2025-06-30,0.0
2,DOM,2025-09-01,0.0
2,DOM,2025-11-10,-2.0
2,DZA,2010-11-29,0.0
2,DZA,2011-11-28,0.0
2,DZA,2013-11-18,0.0
2,DZA,2014-10-13,0.0
2,DZA,2015-12-14,0.0
2,DZA,2017-11-13,0.0
2,DZA,2021-11-22,0.0
2,DZA,2023-11-13,0.0
2,DZA,2024-12-02,0.0
2,DZA,2025-11-17,0.0
2,ECU,2010-12-20,0.0
2,ECU,2011-11-07,0.0
2,ECU,2012-05-07,0.0
2,ECU,2012-12-03,2.0
2,ECU,2013-05-27,0.0
2,ECU,2014-05-05,0.0
2,ECU,2014-10-27,0.0
2,ECU,2015-04-27,3.0
2,ECU,2015-10-12,0.0
2,ECU,2015-11-16,-1.0
2,ECU,2016-11-28,0.0
2,ECU,2017-11-06,5.0
2,ECU,2018-06-11,0.0
2,ECU,2018-08-27,0.0
2,ECU,2019-10-21,0.0
2,ECU,2021-11-15,0.0
2,ECU,2022-06-13,0.0
2,ECU,2022-10-17,0.0
2,ECU,2023-09-18,1.0
2,ECU,2024-05-13,0.0
2,ECU,2024-09-23,-3.0
2,ECU,2025-09-15,0.0
2,EGY,2010-09-20,0.0
2,EGY,2011-09-12,0.0
2,EGY,2012-09-03,0.0
2,EGY,2012-10-22,0.0
2,EGY,2013-11-11,0.0
2,EGY,2015-07-13,-1.0
2,EGY,2015-10-26,2.0
2,EGY,2016-07-25,0.0
2,EGY,2017-03-06,0.0
2,EGY,2017-10-09,0.0
2,EGY,2017-11-13,-5.0
2,EGY,2018-08-27,0.0
2,EGY,2018-10-15,0.0
2,EGY,2021-11-15,0.0
2,EGY,2022-02-07,0.0
2,EGY,2023-08-28,0.0
2,EGY,2024-10-21,2.0
2,ESP,2010-10-18,-2.0
2,ESP,2011-10-24,0.0
2,ESP,2012-11-12,0.0
2,ESP,2013-11-04,0.0
2,ESP,2014-11-03,0.0
2,ESP,2016-01-11,0.0
2,ESP,2016-10-17,3.0
2,ESP,2017-10-02,0.0
2,ESP,2018-11-12,0.0
2,ESP,2019-11-04,0.0
2,ESP,2021-11-15,0.0
2,ESP,2022-02-07,0.0
2,ESP,2023-11-06,0.0
2,ESP,2024-12-02,0.0
2,ESP,2025-10-20,4.0
2,FRA,2010-11-15,0.0
2,FRA,2011-12-26,3.0
2,FRA,2012-11-26,0.0
2,FRA,2013-12-30,0.0
2,FRA,2014-12-01,0.0
2,FRA,2015-12-28,0.0
2,FRA,2016-11-14,0.0
2,FRA,2017-11-13,0.0
2,FRA,2018-12-03,0.0
2,FRA,2019-11-25,0.0
2,FRA,2022-11-14,0.0
2,FRA,2023-11-27,0.0
2,FRA,2024-11-18,-1.0
2,FRA,2025-11-10,0.0
2,GRC,2012-01-09,0.0
2,GRC,2013-01-14,0.0
2,GRC,2016-11-28,1.0
2,GRC,2017-11-27,1.0
2,GRC,2018-12-10,0.0
2,GRC,2020-01-06,0.0
2,GRC,2022-10-24,0.0
2,GRC,2023-11-06,0.0
2,GRC,2024-11-04,0.0
2,GRC,2025-10-06,2.0
2,GTM,2012-01-23,0.0
2,GTM,2013-02-25,0.0
2,GTM,2013-05-06,-1.0
2,GTM,2013-10-28,0.0
2,GTM,2014-02-17,0.0
2,GTM,2014-05-26,-7.0
2,GTM,2014-09-29,0.0
2,GTM,2016-02-01,0.0
2,GTM,2017-01-09,0.0
2,GTM,2018-02-05,0.0
2,GTM,2018-06-25,0.0
2,GTM,2019-05-20,0.0
2,GTM,2020-02-17,0.0
2,GTM,2022-08-15,0.0
2,GTM,2023-08-21,-1.0
2,GTM,2024-04-29,0.0
2,GTM,2024-07-01,0.0
2,GTM,2025-01-13,0.0
2,GTM,2025-03-17,0.0
2,GTM,2025-11-17,0.0
2,HND,2010-01-25,0.0
2,HND,2010-05-24,2.0
2,HND,2010-11-08,0.0
2,HND,2011-02-14,0.0
2,HND,2011-05-02,0.0
2,HND,2012-03-05,0.0
2,HND,2012-05-14,4.0
2,HND,2012-10-01,0.0
2,HND,2013-06-03,-1.0
2,HND,2013-08-12,0.0
2,HND,2014-09-22,-1.0
2,HND,2015-09-28,0.0
2,HND,2017-04-24,-1.0
2,HND,2018-11-19,-1.0
2,HND,2019-02-18,-1.0
2,HND,2019-06-10,-3.0
2,HND,2022-10-03,0.0
2,HND,2024-01-01,0.0
2,HND,2025-01-27,0.0
2,HND,2025-10-06,0.0
2,HRV,2012-01-16,0.0
2,HRV,2013-12-23,0.0
2,HRV,2014-01-27,0.0
2,HRV,2014-12-15,0.0
2,HRV,2016-01-04,0.0
2,HRV,2016-12-05,0.0
2,HRV,2017-12-11,0.0
2,HRV,2021-08-30,0.0
2,HRV,2021-11-22,0.0
2,HRV,2022-11-14,0.0
2,HRV,2023-11-20,-2.0
2,HRV,2024-11-25,0.0
2,HRV,2025-10-27,2.0
2,HUN,2010-11-29,0.0
2,HUN,2012-01-02,0.0
2,HUN,2013-01-14,0.0
2,HUN,2014-01-13,0.0
2,HUN,2016-01-25,0.0
2,HUN,2017-11-27,0.0
2,HUN,2020-01-13,0.0
2,HUN,2023-11-20,0.0
2,HUN,2024-01-08,0.0
2,HUN,2024-11-11,0.0
2,HUN,2025-11-10,0.0
2,HUN,2026-01-12,0.0
2,IDN,2010-01-25,0.0
2,IDN,2010-06-21,-3.0
2,IDN,2010-09-06,-1.0
2,IDN,2011-03-21,-3.0
2,IDN,2011-10-10,0.0
2,IDN,2012-09-03,0.0
2,IDN,2012-10-22,1.0
2,IDN,2013-09-02,0.0
2,IDN,2013-10-14,0.0
2,IDN,2014-11-24,-2.0
2,IDN,2015-10-12,0.0
2,IDN,2016-09-05,0.0
2,IDN,2016-10-31,0.0
2,IDN,2017-07-10,0.0
2,IDN,2018-07-16,-4.0
2,IDN,2019-08-12,1.0
2,IDN,2022-07-25,0.0
2,IDN,2023-05-29,0.0
2,IDN,2023-08-07,0.0
2,IDN,2023-10-16,0.0
2,IDN,2024-08-12,0.0
2,IDN,2025-05-26,0.0
2,IND,2011-01-10,0.0
2,IND,2011-05-09,0.0
2,IND,2013-01-21,-1.0
2,IND,2013-11-11,0.0
2,IND,2014-02-17,0.0
2,IND,2014-03-24,0.0
2,IND,2014-05-12,0.0
2,IND,2014-07-21,0.0
2,IND,2014-12-15,7.0
2,IND,2015-06-29,0.0
2,IND,2015-12-14,0.0
2,IND,2016-01-18,3.0
2,IND,2016-06-27,0.0
2,IND,2016-08-08,0.0
2,IND,2016-09-05,0.0
2,IND,2016-10-17,0.0
2,IND,2016-12-19,-3.0
2,IND,2017-12-11,0.0
2,IND,2018-08-06,0.0
2,IND,2018-11-12,0.0
2,IND,2020-02-03,0.0
2,IND,2021-07-12,-1.0
2,IND,2022-06-27,0.0
2,IND,2023-07-17,-2.0
2,IND,2025-07-14,-4.0
2,IRL,2010-11-15,-2.0
2,IRL,2011-12-05,0.0
2,IRL,2012-01-09,-1.0
2,IRL,2012-11-12,1.0
2,IRL,2013-01-21,0.0
2,IRL,2013-12-09,0.0
2,IRL,2014-12-08,0.0
2,IRL,2015-11-23,0.0
2,IRL,2016-11-07,1.0
2,IRL,2017-11-13,0.0
2,IRL,2018-11-26,0.0
2,IRL,2019-10-21,0.0
2,IRL,2022-01-17,1.0
2,IRL,2022-10-10,-1.0
2,IRL,2023-10-30,0.0
2,IRL,2024-10-28,0.0
2,IRL,2025-09-29,1.0
2,IRN,2010-02-08,0.0
2,IRN,2010-03-22,0.0
2,IRN,2010-10-25,1.0
2,IRN,2011-10-10,0.0
2,IRN,2012-10-22,0.0
2,IRN,2013-11-04,0.0
2,IRN,2013-12-23,0.0
2,IRN,2014-11-10,0.0
2,IRN,2015-09-07,0.0
2,IRN,2016-10-24,0.0
2,IRN,2017-02-13,0.0
2,IRN,2017-11-06,0.0
2,IRN,2018-10-15,0.0
2,IRN,2019-09-09,0.0
2,IRN,2021-09-20,0.0
2,IRN,2022-08-22,2.0
2,IRN,2023-08-14,0.0
2,IRN,2024-10-14,0.0
2,IRN,2025-10-13,0.0
2,IRQ,2011-02-14,0.0
2,IRQ,2015-01-12,0.0
2,IRQ,2017-01-23,0.0
2,IRQ,2017-12-18,0.0
2,IRQ,2021-11-15,0.0
2,IRQ,2024-10-14,-1.0
2,IRQ,2025-09-29,0.0
2,ISR,2010-10-11,0.0
2,ISR,2011-12-05,1.0
2,ISR,2012-11-19,0.0
2,ISR,2013-12-16,0.0
2,ISR,2015-11-16,0.0
2,ISR,2016-12-05,0.0
2,ISR,2017-11-06,0.0
2,ISR,2018-10-22,0.0
2,ISR,2019-11-04,0.0
2,ISR,2021-11-08,1.0
2,ISR,2022-11-07,0.0
2,ISR,2023-12-18,0.0
2,ISR,2024-11-18,0.0
2,ISR,2025-10-20,0.0
2,ITA,2010-11-22,0.0
2,ITA,2011-12-05,0.0
2,ITA,2013-01-07,0.0
2,ITA,2013-11-18,0.0
2,ITA,2014-11-03,3.0
2,ITA,2015-11-30,0.0
2,ITA,2016-11-21,0.0
2,ITA,2017-11-20,0.0
2,ITA,2018-12-03,0.0
2,ITA,2019-11-18,0.0
2,ITA,2022-01-31,0.0
2,ITA,2023-11-20,0.0
2,ITA,2024-11-25,-1.0
2,ITA,2025-10-20,0.0
2,JOR,2012-01-23,-1.0
2,JOR,2012-12-03,0.0
2,JOR,2013-11-04,0.0
2,JOR,2015-12-21,0.0
2,JOR,2016-11-07,0.0
2,JOR,2018-11-05,0.0
2,JOR,2018-12-31,0.0
2,JOR,2021-11-15,0.0
2,JOR,2022-10-24,0.0
2,JOR,2022-12-19,0.0
2,JOR,2023-10-23,-1.0
2,JOR,2024-10-07,0.0
2,JOR,2025-10-13,0.0
2,KAZ,2011-01-10,0.0
2,KAZ,2011-12-12,-1.0
2,KAZ,2012-12-10,0.0
2,KAZ,2013-12-16,0.0
2,KAZ,2014-12-01,0.0
2,KAZ,2015-10-26,-1.0
2,KAZ,2016-10-17,0.0
2,KAZ,2017-12-25,5.0
2,KAZ,2018-11-19,0.0
2,KAZ,2019-11-04,0.0
2,KAZ,2022-09-12,0.0
2,KAZ,2023-10-30,0.0
2,KAZ,2024-11-04,1.0
2,KAZ,2025-09-22,0.0
2,KEN,2010-08-30,-1.0
2,KEN,2011-09-26,0.0
2,KEN,2012-01-30,0.0
2,KEN,2012-08-13,0.0
2,KEN,2013-03-18,0.0
2,KEN,2013-09-23,0.0
2,KEN,2014-02-03,-1.0
2,KEN,2016-09-05,0.0
2,KEN,2018-01-29,0.0
2,KEN,2018-03-12,0.0
2,KEN,2018-06-25,3.0
2,KEN,2018-09-10,1.0
2,KEN,2019-03-18,-4.0
2,KEN,2019-06-10,1.0
2,KEN,2019-09-09,0.0
2,KEN,2020-01-13,0.0
2,KEN,2020-10-12,0.0
2,KEN,2021-01-18,0.0
2,KEN,2021-05-03,3.0
2,KEN,2022-04-18,0.0
2,KEN,2022-09-05,-2.0
2,KEN,2024-07-08,0.0
2,KEN,2025-01-27,0.0
2,KEN,2025-09-15,-2.0
2,KEN,2026-04-06,0.0
2,KOR,2010-11-08,1.0
2,KOR,2011-11-21,0.0
2,KOR,2012-12-03,0.0
2,KOR,2013-11-25,0.0
2,KOR,2014-12-01,0.0
2,KOR,2015-12-07,0.0
2,KOR,2016-11-07,0.0
2,KOR,2017-11-06,0.0
2,KOR,2018-10-22,0.0
2,KOR,2019-10-28,1.0
2,KOR,2022-10-17,0.0
2,KOR,2023-04-10,0.0
2,KOR,2024-11-11,0.0
2,KOR,2025-09-08,0.0
2,KWT,2018-08-20,0.0
2,KWT,2025-07-28,7.0
2,KWT,2026-03-02,0.0
2,LBN,2015-12-21,0.0
2,LBN,2016-02-08,2.0
2,LBN,2016-03-07,0.0
2,LBN,2017-01-16,0.0
2,LBN,2017-12-25,0.0
2,LBN,2021-10-11,0.0
2,LBN,2023-10-23,0.0
2,LBN,2024-12-16,0.0
2,LBN,2025-10-13,0.0
2,LTU,2018-12-10,0.0
2,LTU,2022-10-31,0.0
2,LTU,2023-10-30,0.0
2,LTU,2024-11-04,0.0
2,LTU,2025-11-03,0.0
2,MAR,2010-12-13,0.0
2,MAR,2011-11-28,0.0
2,MAR,2016-01-11,0.0
2,MAR,2016-11-07,0.0
2,MAR,2017-02-13,-1.0
2,MAR,2017-10-23,1.0
2,MAR,2018-12-17,0.0
2,MAR,2021-12-13,0.0
2,MAR,2022-11-28,0.0
2,MAR,2023-11-20,0.0
2,MAR,2024-12-02,0.0
2,MAR,2025-10-13,1.0
2,MEX,2011-11-14,2.0
2,MEX,2012-08-27,2.0
2,MEX,2013-07-29,0.0
2,MEX,2013-10-21,0.0
2,MEX,2015-11-30,1.0
2,MEX,2016-11-28,2.0
2,MEX,2017-11-06,0.0
2,MEX,2018-05-28,0.0
2,MEX,2019-09-16,0.0
2,MEX,2021-10-25,0.0
2,MEX,2024-11-04,0.0
2,MEX,2025-11-10,0.0
2,MYS,2010-03-01,0.0
2,MYS,2010-08-09,2.0
2,MYS,2010-11-22,4.0
2,MYS,2013-10-21,0.0
2,MYS,2014-06-16,0.0
2,MYS,2016-01-18,1.0
2,MYS,2016-07-04,0.0
2,MYS,2016-12-05,0.0
2,MYS,2017-11-13,0.0
2,MYS,2018-09-17,0.0
2,MYS,2018-11-05,0.0
2,MYS,2021-11-01,3.0
2,MYS,2021-12-20,0.0
2,MYS,2022-05-09,0.0
2,MYS,2022-10-17,-1.0
2,MYS,2025-08-18,0.0
2,NGA,2010-01-25,0.0
2,NGA,2011-01-03,0.0
2,NGA,2011-08-22,0.0
2,NGA,2012-07-23,-3.0
2,NGA,2013-01-28,0.0
2,NGA,2013-11-04,-2.0
2,NGA,2014-05-19,0.0
2,NGA,2015-04-27,0.0
2,NGA,2021-05-24,0.0
2,NGA,2025-01-20,0.0
2,NLD,2010-11-22,0.0
2,NLD,2011-09-26,0.0
2,NLD,2012-01-16,0.0
2,NLD,2012-11-26,0.0
2,NLD,2013-10-21,0.0
2,NLD,2013-12-30,0.0
2,NLD,2014-09-22,0.0
2,NLD,2014-11-17,0.0
2,NLD,2015-11-02,0.0
2,NLD,2015-12-28,0.0
2,NLD,2016-10-24,1.0
2,NLD,2017-09-25,3.0
2,NLD,2017-11-20,-2.0
2,NLD,2019-01-14,0.0
2,NLD,2020-02-03,0.0
2,NLD,2022-11-28,0.0
2,NLD,2023-11-13,0.0
2,NLD,2024-09-30,0.0
2,NLD,2025-01-13,0.0
2,NLD,2025-10-06,-3.0
2,NOR,2010-04-19,-3.0
2,NOR,2010-11-08,0.0
2,NOR,2011-11-28,0.0
2,NOR,2012-01-09,0.0
2,NOR,2012-11-19,0.0
2,NOR,2013-12-30,0.0
2,NOR,2014-12-01,0.0
2,NOR,2015-11-30,0.0
2,NOR,2016-10-31,0.0
2,NOR,2017-11-20,0.0
2,NOR,2018-11-26,0.0
2,NOR,2019-11-25,0.0
2,NOR,2020-01-13,0.0
2,NOR,2022-11-07,0.0
2,NOR,2023-11-13,-1.0
2,NOR,2024-11-25,0.0
2,NOR,2025-10-27,0.0
2,NZL,2016-06-13,0.0
2,NZL,2018-05-07,0.0
2,NZL,2018-07-09,0.0
2,NZL,2023-02-06,1.0
2,NZL,2023-11-20,3.0
2,NZL,2024-02-12,0.0
2,NZL,2024-05-06,0.0
2,NZL,2024-12-09,2.0
2,NZL,2026-02-02,-5.0
2,NZL,2026-03-30,2.0
2,PAK,2010-08-30,0.0
2,PAK,2010-10-25,-1.0
2,PAK,2011-12-12,0.0
2,PAK,2012-01-30,0.0
2,PAK,2012-12-03,0.0
2,PAK,2013-02-04,0.0
2,PAK,2013-08-19,0.0
2,PAK,2014-01-06,0.0
2,PAK,2015-01-19,-2.0
2,PAK,2015-11-30,0.0
2,PAK,2019-11-25,0.0
2,PAK,2020-01-06,-2.0
2,PAK,2021-01-18,0.0
2,PAK,2022-10-31,0.0
2,PAK,2023-10-30,0.0
2,PAK,2024-11-18,0.0
2,PAK,2025-10-13,0.0
2,PAN,2010-05-31,0.0
2,PAN,2011-07-04,0.0
2,PAN,2012-11-05,0.0
2,PAN,2013-04-01,0.0
2,PAN,2014-04-21,0.0
2,PAN,2014-11-10,0.0
2,PAN,2015-12-07,0.0
2,PAN,2016-02-01,-1.0
2,PAN,2016-03-21,2.0
2,PAN,2016-11-28,1.0
2,PAN,2017-04-03,2.0
2,PAN,2018-10-08,0.0
2,PAN,2019-04-15,-2.0
2,PAN,2019-11-18,2.0
2,PAN,2020-02-03,-2.0
2,PAN,2023-10-30,0.0
2,PAN,2024-03-11,0.0
2,PAN,2025-01-13,4.0
2,PAN,2025-02-24,0.0
2,PAN,2025-10-20,0.0
2,PER,2010-04-19,0.0
2,PER,2010-12-27,-2.0
2,PER,2011-02-14,0.0
2,PER,2011-04-18,0.0
2,PER,2011-10-10,0.0
2,PER,2012-05-28,1.0
2,PER,2012-10-15,0.0
2,PER,2013-02-18,0.0
2,PER,2013-05-27,2.0
2,PER,2014-04-14,0.0
2,PER,2015-03-02,5.0
2,PER,2015-12-21,-9.0
2,PER,2017-04-17,0.0
2,PER,2017-08-21,1.0
2,PER,2018-11-19,2.0
2,PER,2019-01-07,0.0
2,PER,2019-06-03,0.0
2,PER,2019-07-22,0.0
2,PER,2019-09-16,0.0
2,PER,2019-11-25,0.0
2,PER,2020-02-10,0.0
2,PER,2021-11-22,0.0
2,PER,2022-02-14,0.0
2,PER,2022-10-24,0.0
2,PER,2023-03-20,0.0
2,PHL,2010-01-25,0.0
2,PHL,2010-04-26,1.0
2,PHL,2011-05-16,0.0
2,PHL,2011-11-07,0.0
2,PHL,2012-06-18,0.0
2,PHL,2013-04-22,0.0
2,PHL,2014-02-24,0.0
2,PHL,2018-05-28,0.0
2,PHL,2019-06-03,3.0
2,PHL,2019-08-12,0.0
2,PHL,2020-01-13,0.0
2,PHL,2021-06-07,0.0
2,PHL,2022-01-03,-1.0
2,PHL,2022-07-11,0.0
2,PHL,2023-04-17,0.0
2,PHL,2024-06-03,0.0
2,PHL,2025-04-07,0.0
2,POL,2010-11-15,0.0
2,POL,2012-03-26,0.0
2,POL,2012-11-19,0.0
2,POL,2013-12-02,0.0
2,POL,2015-01-05,0.0
2,POL,2015-11-23,0.0
2,POL,2016-11-21,0.0
2,POL,2017-11-13,-1.0
2,POL,2019-01-07,0.0
2,POL,2019-12-02,0.0
2,POL,2022-11-21,0.0
2,POL,2023-10-09,0.0
2,POL,2024-10-28,0.0
2,POL,2025-11-03,-1.0
2,PRT,2013-11-04,0.0
2,PRT,2014-10-27,-1.0
2,PRT,2015-11-09,0.0
2,PRT,2016-10-10,0.0
2,PRT,2017-11-06,0.0
2,PRT,2018-11-19,2.0
2,PRT,2019-10-07,0.0
2,PRT,2022-02-07,0.0
2,PRT,2022-10-10,0.0
2,PRT,2023-10-30,0.0
2,PRT,2024-11-11,0.0
2,PRT,2025-10-20,0.0
2,PRY,2010-08-23,0.0
2,PRY,2012-01-30,0.0
2,PRY,2012-04-09,1.0
2,PRY,2012-08-20,-3.0
2,PRY,2013-05-13,0.0
2,PRY,2013-11-18,0.0
2,PRY,2014-05-19,3.0
2,PRY,2015-04-20,0.0
2,PRY,2016-02-22,0.0
2,PRY,2016-04-18,0.0
2,PRY,2017-02-20,4.0
2,PRY,2018-06-04,0.0
2,PRY,2019-04-22,0.0
2,PRY,2021-11-29,0.0
2,PRY,2022-09-19,0.0
2,PRY,2023-04-17,0.0
2,PRY,2024-04-01,0.0
2,PRY,2025-03-10,0.0
2,PRY,2025-09-15,0.0
2,ROU,2010-12-13,0.0
2,ROU,2011-12-05,0.0
2,ROU,2013-01-07,0.0
2,ROU,2014-01-20,0.0
2,ROU,2015-01-05,0.0
2,ROU,2015-12-14,0.0
2,ROU,2018-11-26,0.0
2,ROU,2019-11-18,0.0
2,ROU,2022-02-14,0.0
2,ROU,2023-11-27,-1.0
2,RUS,2010-11-22,0.0
2,RUS,2012-01-30,0.0
2,RUS,2012-12-24,1.0
2,RUS,2013-12-09,0.0
2,RUS,2014-01-20,0.0
2,RUS,2014-11-24,0.0
2,RUS,2015-11-30,0.0
2,RUS,2016-11-07,0.0
2,RUS,2018-01-08,0.0
2,RUS,2018-12-03,-2.0
2,RUS,2019-11-25,0.0
2,RUS,2021-11-01,0.0
2,RUS,2022-10-31,0.0
2,RUS,2023-11-06,0.0
2,RUS,2024-12-30,-1.0
2,RUS,2025-10-20,0.0
2,SAU,2017-01-30,0.0
2,SAU,2017-07-17,0.0
2,SAU,2018-09-17,0.0
2,SAU,2018-11-05,0.0
2,SAU,2021-10-18,0.0
2,SAU,2022-09-05,0.0
2,SAU,2023-08-28,0.0
2,SAU,2024-09-23,0.0
2,SAU,2025-09-01,1.0
2,SGP,2011-04-18,-2.0
2,SGP,2012-10-01,0.0
2,SGP,2018-06-18,0.0
2,SGP,2018-09-03,0.0
2,SGP,2022-06-06,0.0
2,SGP,2023-12-04,0.0
2,SGP,2025-06-09,0.0
2,SGP,2026-04-13,0.0
2,SLV,2010-05-10,2.0
2,SLV,2011-02-21,0.0
2,SLV,2011-07-04,-3.0
2,SLV,2012-03-05,0.0
2,SLV,2012-04-16,0.0
2,SLV,2013-04-15,0.0
2,SLV,2013-08-26,-7.0
2,SLV,2014-05-12,0.0
2,SLV,2014-10-27,0.0
2,SLV,2015-02-23,0.0
2,SLV,2015-05-04,0.0
2,SLV,2015-07-06,-1.0
2,SLV,2015-09-07,1.0
2,SLV,2016-02-15,0.0
2,SLV,2017-04-24,-3.0
2,SLV,2018-05-28,0.0
2,SLV,2018-09-24,0.0
2,SLV,2023-06-12,3.0
2,SLV,2023-08-14,0.0
2,SLV,2024-04-22,-1.0
2,SLV,2024-09-23,0.0
2,SLV,2025-04-07,0.0
2,SLV,2025-06-02,2.0
2,SLV,2025-10-27,0.0
2,SRB,2016-02-01,0.0
2,SRB,2019-01-07,0.0
2,SRB,2019-12-16,0.0
2,SRB,2022-12-05,0.0
2,SRB,2023-01-02,0.0
2,SRB,2023-11-27,0.0
2,SRB,2024-11-11,0.0
2,SRB,2025-11-24,0.0
2,SVK,2013-01-14,0.0
2,SVK,2014-02-10,0.0
2,SVK,2015-01-05,0.0
2,SVK,2015-03-09,1.0
2,SVK,2016-01-25,0.0
2,SVK,2016-11-28,0.0
2,SVK,2018-01-08,0.0
2,SVK,2019-01-14,0.0
2,SVK,2020-01-13,0.0
2,SVK,2023-11-20,1.0
2,SVK,2024-10-07,1.0
2,SVK,2025-09-29,0.0
2,SWE,2010-11-15,-2.0
2,SWE,2011-12-05,0.0
2,SWE,2012-01-02,0.0
2,SWE,2012-11-19,0.0
2,SWE,2013-11-18,0.0
2,SWE,2014-01-13,0.0
2,SWE,2014-12-01,0.0
2,SWE,2015-10-26,0.0
2,SWE,2016-10-24,0.0
2,SWE,2017-11-27,0.0
2,SWE,2018-11-19,0.0
2,SWE,2019-11-25,0.0
2,SWE,2020-01-13,0.0
2,SWE,2021-11-15,0.0
2,SWE,2022-11-21,0.0
2,SWE,2023-11-13,0.0
2,SWE,2024-11-25,0.0
2,SWE,2025-11-03,0.0
2,THA,2010-06-07,2.0
2,THA,2011-01-10,0.0
2,THA,2011-06-06,0.0
2,THA,2011-10-17,0.0
2,THA,2012-06-04,2.0
2,THA,2013-09-23,0.0
2,THA,2014-01-27,0.0
2,THA,2014-06-09,0.0
2,THA,2015-06-01,1.0
2,THA,2015-10-19,0.0
2,THA,2016-01-25,0.0
2,THA,2016-06-06,0.0
2,THA,2017-01-23,0.0
2,THA,2017-04-17,0.0
2,THA,2018-05-07,3.0
2,THA,2022-06-20,5.0
2,THA,2023-06-12,0.0
2,THA,2024-12-09,2.0
2,THA,2025-06-09,-5.0
2,TUN,2010-12-13,0.0
2,TUN,2012-12-17,-1.0
2,TUN,2014-01-27,0.0
2,TUN,2014-11-24,0.0
2,TUN,2015-01-19,0.0
2,TUN,2016-01-04,1.0
2,TUN,2016-11-21,0.0
2,TUN,2019-01-07,0.0
2,TUN,2021-11-29,0.0
2,TUN,2022-10-31,0.0
2,TUN,2023-12-04,0.0
2,TUN,2024-12-16,0.0
2,TUN,2025-11-17,0.0
2,TUR,2010-11-29,0.0
2,TUR,2011-11-21,0.0
2,TUR,2012-12-03,0.0
2,TUR,2013-11-04,0.0
2,TUR,2014-12-22,0.0
2,TUR,2015-11-16,0.0
2,TUR,2016-11-14,0.0
2,TUR,2017-10-30,0.0
2,TUR,2018-10-29,0.0
2,TUR,2019-11-11,-2.0
2,TUR,2021-10-25,1.0
2,TUR,2022-10-10,0.0
2,TUR,2023-11-13,1.0
2,TUR,2024-01-15,0.0
2,TUR,2024-11-18,-1.0
2,TUR,2025-11-24,0.0
2,UKR,2010-10-18,0.0
2,UKR,2012-01-30,0.0
2,UKR,2012-12-24,-1.0
2,UKR,2014-01-27,-2.0
2,UKR,2014-12-01,0.0
2,UKR,2015-11-16,0.0
2,UKR,2016-11-14,0.0
2,UKR,2017-11-13,0.0
2,UKR,2018-01-08,0.0
2,UKR,2018-11-19,0.0
2,UKR,2019-11-25,0.0
2,UKR,2021-01-11,0.0
2,UKR,2021-12-13,0.0
2,UKR,2022-10-17,0.0
2,UKR,2023-11-20,0.0
2,UKR,2024-11-25,1.0
2,UKR,2025-11-03,0.0
2,URY,2010-08-23,0.0
2,URY,2011-06-06,0.0
2,URY,2013-05-27,0.0
2,URY,2013-08-12,0.0
2,URY,2014-06-16,0.0
2,URY,2017-05-29,0.0
2,URY,2018-06-25,0.0
2,URY,2019-07-15,1.0
2,URY,2022-03-21,0.0
2,URY,2023-04-03,0.0
2,URY,2024-04-08,1.0
2,URY,2025-04-14,0.0
2,URY,2026-04-20,1.0
2,USA,2010-11-01,0.0
2,USA,2012-01-09,0.0
2,USA,2012-10-15,0.0
2,USA,2013-10-28,0.0
2,USA,2014-10-20,0.0
2,USA,2016-01-04,0.0
2,USA,2016-11-21,-1.0
2,USA,2017-11-13,0.0
2,USA,2018-11-19,0.0
2,USA,2019-01-07,0.0
2,USA,2019-10-21,-1.0
2,USA,2022-10-03,0.0
2,USA,2023-11-20,0.0
2,USA,2024-11-18,0.0
2,USA,2025-10-27,0.0
2,VEN,2011-03-07,0.0
2,VEN,2011-09-05,0.0
2,VEN,2023-01-23,0.0
2,VEN,2023-07-17,0.0
2,VEN,2023-10-30,0.0
2,VEN,2024-01-15,1.0
2,VEN,2024-11-04,0.0
2,VEN,2025-02-10,0.0
2,VEN,2025-04-14,2.0
2,VEN,2025-06-02,0.0
2,VEN,2025-09-29,0.0
2,VNM,2010-03-29,0.0
2,VNM,2010-06-28,0.0
2,VNM,2011-06-27,0.0
2,VNM,2012-08-06,-1.0
2,VNM,2013-02-25,0.0
2,VNM,2014-08-04,9.0
2,VNM,2014-11-17,0.0
2,VNM,2014-12-29,0.0
2,VNM,2016-04-25,0.0
2,VNM,2016-10-31,0.0
2,VNM,2017-02-13,1.0
2,VNM,2018-05-07,-1.0
2,VNM,2018-07-16,0.0
2,VNM,2019-05-20,0.0
2,VNM,2019-07-22,11.0
2,VNM,2020-09-07,0.0
2,VNM,2022-09-12,-1.0
2,VNM,2023-08-21,-3.0
2,VNM,2024-03-04,0.0
2,VNM,2024-11-18,1.0
2,VNM,2025-07-21,0.0
2,ZAF,2010-05-17,0.0
2,ZAF,2011-04-04,0.0
2,ZAF,2012-05-14,-1.0
2,ZAF,2012-07-09,0.0
2,ZAF,2013-04-08,0.0
2,ZAF,2014-04-21,-2.0
2,ZAF,2015-04-13,0.0
2,ZAF,2016-04-18,1.0
2,ZAF,2017-05-01,1.0
2,ZAF,2018-04-02,0.0
2,ZAF,2019-03-25,0.0
2,ZAF,2020-01-13,0.0
2,ZAF,2021-08-23,0.0
2,ZAF,2022-04-04,1.0
2,ZAF,2023-03-27,0.0
2,ZAF,2024-03-25,0.0
2,ZAF,2025-03-10,0.0
2,ZAF,2025-12-01,0.0
2,ZAF,2026-02-02,0.0
