disease,model,p0,p1,p2,range
flu,logreg,0.396,0.394,0.391,0.005
flu,rf,0.603,0.603,0.603,0.0
flu,lgbm,0.611,0.612,0.61,0.001
flu,cnnlstm_rf,0.592,0.593,0.589,0.003
flu,tabpfn,0.607,0.608,0.605,0.002
flu,lgbm_chronos,0.615,0.616,0.614,0.002
flu,tft,0.505,0.507,0.508,0.003
covid,logreg,0.57,0.571,0.571,0.002
covid,rf,0.683,0.687,0.684,0.004
covid,lgbm,0.702,0.705,0.704,0.003
covid,cnnlstm_rf,0.674,0.676,0.672,0.004
covid,tabpfn,0.722,0.726,0.72,0.006
covid,lgbm_chronos,0.71,0.713,0.709,0.005
covid,tft,0.59,0.59,0.587,0.004
