model,sens,spec,detected,median_lead,ge1,ge2,sens_sd,detected_sd,ge1_sd,threshold_method,oracle_detected,oracle_median_lead,oracle_ge1,oracle_ge2,otherfold_detected,otherfold_median_lead,otherfold_ge1,otherfold_ge2,otherfold_sens,otherfold_spec,episodes
growth,0.10697796182588415,0.9498469908194491,0.38066260987153483,0.0,0.09987443253163335,0.08577223993045495,0.0005868355469531152,0.002146828047029151,0.0007228160700809326,train,0.37988988698927845,0.0,0.09968125181106925,0.0854824688496088,,,,,,,3451
expgrowth,0.17559141320386504,0.9498611583361668,0.5061334878779098,0.0,0.2512315270935961,0.19772046749734376,0.0003415845612453535,0.0008309016968070073,0.0010313028351232776,train,0.5053607649956534,0.0,0.25094175601274993,0.19617502173283105,,,,,,,3451
chronos,0.1853015374363368,0.9497761532358608,0.39196368202453397,2.0,0.28735632183908044,0.22389645513377765,0.0005509941883378604,0.0008957421515981572,0.0015025933725590721,train,0.39003187481889307,2.0,0.28600405679513186,0.22283396117067517,,,,,,,3451
logreg,0.15721833499928603,0.9537855604669613,0.2953733217424901,2.6666666666666665,0.2429247561093403,0.19192504588042114,0.001552256067315951,0.0037434216893800893,0.003904449518286046,nested,0.31005505650536075,3.0,0.25586786438713416,0.2019704433497537,,,,,,,3451
rf,0.3380693988290733,0.9497478182024256,0.5724910653916739,1.6666666666666667,0.3962136578769439,0.2861972375156959,0.0013022384711604159,0.0028027853044618654,0.0028226869885448597,otherfold,0.5728774268328021,2.0,0.3975659229208925,0.28774268328020863,,,,,,,3451
lgbm,0.3411633109619687,0.9511645698741925,0.5647638365691104,2.0,0.40316816381725107,0.2977880807495412,0.002408087070425244,0.003286911914840861,0.0028226869885448597,nested,0.5702694871051869,2.0,0.40741813966966095,0.30049261083743845,0.5696899449434946,2.0,0.40973630831643,0.3025210084033613,0.34539959065162545,0.9497832369942197,3451
cnnlstm_rf,0.32707411109524487,0.9499319959197553,0.5332753791171642,1.3333333333333333,0.35806046556553656,0.26272577996715923,0.0034186633519923816,0.002958252261395443,0.010133244933374589,otherfold,0.5291219936250362,1.0,0.3543900318748189,0.2578962619530571,,,,,,,3451
tabpfn,0.3399257461088105,0.9498328233027316,0.5496957403651116,2.0,0.38153192311407325,0.28571428571428575,0.0017175133088361083,0.0036957647966210606,0.002248709886375504,otherfold,0.5540423065778035,2.0,0.3845262242828166,0.28339611706751666,,,,,,,3451
lgbm_chronos,0.34125850825836546,0.9520500396690469,0.5542354872983677,2.0,0.4019124891335844,0.29624263498502845,0.001311772457472556,0.0022487098863755266,0.003485292872146952,nested,0.5618661257606491,2.0,0.4088669950738916,0.3028107794842075,,,,,,,3451
tft,0.2776429149412156,0.9492590388756659,0.45474741620786246,1.3333333333333333,0.3114073215493094,0.2272771177436492,0.003569581276453456,0.008809337402082774,0.005396972875378723,otherfold,0.4592871631411185,1.0,0.3132425383946682,0.22804984062590553,,,,,,,3451
