,mean,sd
seed,1.0,1.0
episodes,1959.0,0.0
both,1074.3333333333333,8.144527815247077
case_only,67.0,5.5677643628300215
fused_only,101.0,12.165525060596439
neither,716.6666666666666,9.451631252505218
lead_mean,0.004451738489297175,0.021397665207006308
lead_median,0.0,0.0
earlier,0.10647148080079,0.01103336244108087
later,0.10241680966027043,0.005693634075016916
case_ge1,0.444104134762634,0.00222506326878033
fused_ge1,0.45941807044410415,0.0043614107939344065
case_ge2,0.3321422494469968,0.005916399064391277
fused_ge2,0.3391185979241109,0.005036123391849171
case_det,0.5826101752594862,0.0021252332817418658
fused_det,0.599965969031819,0.0020630178072115154
pr_case,0.6239855759592795,0.0005865453618431374
pr_fused,0.6275133001758723,0.0016002808802551682
spec_case,0.9494734744045443,0.0007285556987496741
spec_fused,0.9492852318152122,0.0009303375659699229
d_pr_auc_avg,0.0034089704702489065,
d_pr_auc_lo,0.0006859695577107611,
d_pr_auc_hi,0.006536092075705928,
n_countries,74.0,
n_rows_test,38128.0,
